run,team,n_topics,avg_concepts,private_rate,rare_rate,mean_share,consensus_coverage,total_private,priv_vs_median
brad,T175,119,138.9075630252101,0.15840977659033878,0.38199842866118344,0.2899423916339938,0.6597318622547134,2618,3.257792281569806
rene,T047,119,166.32773109243698,0.15785290839854363,0.42533840762606473,0.25125995021369224,0.6163008905820198,3165,3.246339952451424
june,T300,119,200.01680672268907,0.1207941959457843,0.3773502590852271,0.2619501675248346,0.7426778061124363,2900,2.4842052534944825
nell,T614,119,117.6218487394958,0.1084093414440643,0.3154973737340588,0.32814833689055345,0.6400563440891647,1612,2.2295032756714215
april,T448,119,217.98319327731093,0.10802377656632539,0.3511585046738627,0.2696503367248152,0.831131987628631,2847,2.2215739021833785
sofia,T578,119,204.1764705882353,0.1047307724841574,0.34128974144893637,0.28007890486255793,0.8349700735648918,2586,2.153851293686757
ari,T569,119,101.71428571428571,0.10215111549314912,0.2903327784722382,0.34480211467038524,0.5708993679068944,1309,2.1007990969392183
jamie,T300,119,208.45378151260505,0.09819978715889507,0.33680764623368925,0.2805663917930502,0.8535048280968194,2452,2.019537654455333
oscar,T086,119,194.42016806722688,0.09750880431577777,0.3578552013812173,0.2754749528430265,0.7836598593153777,2249,2.0053271769112215
anika,T086,119,197.56302521008402,0.0957043029707922,0.3544402483903219,0.27597553685894144,0.7970627752630356,2237,1.968216521998936
paula,T907,119,19.529411764705884,0.09549355244088184,0.280684977445269,0.4108651964815731,0.14090854414045703,245,1.9638823106613728
kane,T066,119,161.9327731092437,0.09412795114823723,0.3402380807614828,0.2935882987550805,0.7373614792997367,1807,1.935797899164572
gilda,T086,119,200.94957983193277,0.09269450289505982,0.3565165394655017,0.2735411358214034,0.8010349363847135,2228,1.9063181741390907
omar,T086,119,194.99159663865547,0.09140916677831219,0.3394190596388157,0.28004955221285643,0.7931109332307282,2134,1.8798844642349843
annie,T907,119,19.285714285714285,0.0900591827687447,0.2721869506380022,0.4088000359499163,0.14150202600642045,215,1.8521212315527922
yara,T649,119,231.87394957983193,0.08894025939618333,0.34654085108174437,0.25809864648712955,0.7831095494995406,2435,1.8291098997697464
henry,T086,119,192.0924369747899,0.08743107705083553,0.3504038453474859,0.2797586279373122,0.7895094347781745,2012,1.7980726576122104
pablo,T086,119,191.94117647058823,0.08654511778730697,0.34212272621594014,0.28201060019603696,0.7944954649719864,1983,1.779852372774787
miles,T086,119,193.7983193277311,0.08202915234689943,0.3410683380273175,0.282331332946995,0.7972780138768474,1890,1.6869788287785579
tara,T341,119,183.7058823529412,0.0762833975901474,0.2976624303355187,0.3052688898761171,0.8465554044360942,1689,1.5688139282197537
carlo,T907,86,26.63953488372093,0.07423754452227067,0.1983938686687985,0.48936657725665755,0.2523256210610858,166,1.526739730040743
sara,T569,119,163.78991596638656,0.07325620836299013,0.2715594907279465,0.32384581272988067,0.7999942646782902,1498,1.5065579620075917
carmen,T569,119,230.6386554621849,0.07210812130448839,0.3231231778289739,0.26824799849018255,0.8189228813024619,1964,1.4829468614918093
tania,T047,118,187.92372881355934,0.06715923727014764,0.3635724259487752,0.27317139078339536,0.7565193727906011,1469,1.3811700863679268
vince,T507,119,161.7563025210084,0.06599589774890682,0.2730054456546844,0.322023061878676,0.8074752082693938,1291,1.3572453097870945
steve,T047,119,187.74789915966386,0.06469622266634814,0.34756652442375113,0.2794339139053956,0.7645378244571678,1419,1.3305167104313997
damon,T047,118,74.23728813559322,0.0628284207372864,0.28369546579805854,0.365229010313253,0.4505426025530665,578,1.2921042409552597
isaac,T047,119,59.747899159663866,0.060900610334433634,0.26486164782617583,0.3886275000560878,0.3966597453073279,472,1.252457661142289
gia,T182,119,71.82352941176471,0.060622386749109296,0.23427991458040792,0.3897225265443442,0.4713351379906614,557,1.2467358258595822
sid,T149,119,191.109243697479,0.05981647977427184,0.27937431907812793,0.3061092235511449,0.8423597812977971,1391,1.2301618644614898
gwen,T448,119,180.7731092436975,0.058404117992810964,0.31833538819560536,0.2971678931758849,0.7984816141671848,1222,1.201115795402719
ariel,T569,119,202.58823529411765,0.057827202337101064,0.28077508687318053,0.29209902084591083,0.802522742405363,1402,1.189251178137656
eve,T341,119,222.8235294117647,0.057467651770564336,0.2829493327943124,0.28834519852187607,0.8656862072810887,1509,1.181856804597653
edith,T569,119,202.2268907563025,0.056796050017347735,0.2828417155682274,0.2922397123678719,0.8026844951387204,1368,1.1680449108180413
marco,T448,119,188.3109243697479,0.05656083526034663,0.3393003589244114,0.28469812337680517,0.7880811753459737,1298,1.163207577944003
zara,T736,119,134.74789915966386,0.05635984751429102,0.24488379514563918,0.34284147930667125,0.7328150853902521,923,1.1590741441251837
lloyd,T820,119,177.54621848739495,0.05547722674534133,0.26142314987624443,0.320415280148087,0.8592854255212075,1185,1.1409225174356674
lars,T569,119,207.7563025210084,0.05543876170130749,0.28376823976258014,0.28967178835618507,0.8139271572293574,1341,1.1401314606823476
maya,T712,119,77.94957983193277,0.05253296159912779,0.19339386380372744,0.417265765389652,0.5598800575745918,603,1.080371934796853
jason,T448,119,187.36974789915968,0.05200735471305137,0.27219351781044393,0.30910924089940883,0.8577385777092844,1157,1.069562513222906
karl,T448,119,178.65546218487395,0.04953675276225228,0.3216273689115733,0.292600823608838,0.7573590613633538,1102,1.0187530989342968
adela,T448,119,164.109243697479,0.04862488547428418,0.29242578923650026,0.31534347460161516,0.7962211139699045,976,1.0
daria,T445,119,97.89915966386555,0.04444713683337244,0.2004642181781299,0.39724868093232174,0.6666045852202973,535,0.9140820878000588
alex,T706,118,144.83898305084745,0.040163862729861714,0.22336626634556095,0.3517953996372636,0.7960695501377596,708,0.8259939810265019
alton,T175,119,131.4033613445378,0.039805814390214835,0.20905399835709226,0.36784195518913326,0.7804459867973996,629,0.8186305016855328
linda,T656,119,39.51260504201681,0.03937824542352617,0.15014388637859885,0.5012655417437407,0.3752891971025049,188,0.8098372888580231
gabe,T175,119,125.10924369747899,0.03715418334205375,0.20723002298523585,0.3751763443786851,0.7608125316289046,560,0.7640981151863722
brian,T656,119,34.42857142857143,0.03454000839653974,0.1566856347450573,0.49894026068475134,0.323989606973173,155,0.7103360359544006
finn,T736,119,248.88235294117646,0.0333491205096492,0.32680627975669957,0.2615837978865423,0.8264788225116881,977,0.6858447106736376
saul,T267,119,162.16806722689077,0.032630361427816175,0.20436685215740735,0.34449053609506,0.8149685837208931,644,0.6710629980830106
arlen,T410,119,166.31932773109244,0.03187662122563909,0.21761346781602844,0.3366485572711624,0.8176009626825393,623,0.6555618777240597
eden,T736,119,250.38655462184875,0.03174241109104379,0.32500806246659986,0.2628424377250599,0.835668503443323,940,0.6528017656274198
hilda,T047,118,141.64406779661016,0.030769058443043746,0.3201585891203937,0.30754403347072407,0.6660696709786037,534,0.6327841833029367
rick,T267,119,169,0.030540564906107022,0.20618042900965405,0.3346576565668945,0.8004920526038535,628,0.628085076359897
rita,T736,119,245.71428571428572,0.030428452810921543,0.3241983161359062,0.26251295898497556,0.8203555275134218,872,0.6257794237276707
darcy,T569,119,141.53781512605042,0.029636705335526415,0.1849936465615355,0.36536250360397793,0.7762113318750198,510,0.6094966609474097
todd,T736,119,251.08403361344537,0.029272128015773523,0.325266347163903,0.26253194551761805,0.8423378098091284,868,0.6019989092057485
sonia,T410,119,163.0672268907563,0.0290773562206857,0.20917010331842872,0.3403815589078119,0.8174145370424273,564,0.5979933101552206
reid,T410,119,162.58823529411765,0.028224481137201017,0.20518884549718974,0.3411760405596346,0.8104687581242285,557,0.5804534213685264
andre,T712,119,59.739495798319325,0.027020001059911876,0.13664342429248996,0.46697234752000477,0.5105444186370274,206,0.5556825645214467
luca,T300,119,228.83193277310923,0.025227613952004426,0.28312719786185475,0.2839526826158756,0.8610016953016658,681,0.5188210461769897
paris,T149,119,113.05042016806723,0.024572023126979984,0.20256376014550945,0.3793142968118901,0.7016173558369195,344,0.5053384267604121
xavi,T300,119,204.03361344537817,0.024376902502528688,0.25656540222708735,0.29997007038801826,0.8282928420304337,569,0.50132565382433
will,T706,118,129.97457627118644,0.020739396731808635,0.17604490055073144,0.3809573351061999,0.7993415789396264,333,0.4265181610098989
eva,T768,119,80.50420168067227,0.019465488042914272,0.17185861808879258,0.4191360047211568,0.5964828564231024,190,0.40031946302904536
pat,T445,119,97.03361344537815,0.019288585292155276,0.1339535354214315,0.43463006990770336,0.7297435422118137,235,0.3966813516168848
laura,T047,118,139.33898305084745,0.018133867662431368,0.3080439743015173,0.3110012687260759,0.6644085143072547,298,0.3729338894180361
zora,T768,119,81.23529411764706,0.01637446751534822,0.16930979538820956,0.4170008818672796,0.6016608973810006,142,0.3367507677526159
ryan,T047,119,135.42016806722688,0.015052388239525729,0.2715210506180218,0.3255100628932551,0.6720810337128267,241,0.3095614126944598
chris,T768,119,80.8655462184874,0.01414036427256672,0.16371479670668973,0.41902229740139213,0.5907304389071697,134,0.2908050915625295
jeff,T768,119,81.54621848739495,0.013851656832376871,0.16902846364684881,0.4143900440965289,0.5947334448189291,134,0.28486764950227955
arlo,T047,119,135.28571428571428,0.01327943590515707,0.2797730488394385,0.3248331425468825,0.6673394426027939,233,0.2730995821507909
conor,T768,119,81.38655462184875,0.013243810207995334,0.15324005703862717,0.4258956557534551,0.6122137415893049,128,0.27236691827273246
aron,T768,119,79.26890756302521,0.012125532967632047,0.16221213999278575,0.42023296874702304,0.5860798730741539,113,0.24936887458675397
geoff,T768,119,79.5126050420168,0.011894261123597311,0.1459681512131126,0.4281326765049633,0.6061762652049613,112,0.24461263008810016
deena,T768,119,81.43697478991596,0.010486932050184701,0.15401805370972962,0.42391364487468186,0.61096270709414,99,0.21567006169568942
opal,T768,119,81.67226890756302,0.009542977498108075,0.1563720544343666,0.4245001165544735,0.6148500407843507,95,0.1962570688861568
jon,T949,119,92.5798319327731,0.008036682225553796,0.17949613073793289,0.40384504874518823,0.6286985827913169,84,0.1652792011161463
alvin,T047,119,113.12605042016807,0.006791499467337473,0.24457616484662684,0.3513634663435413,0.6182200435433209,97,0.13967126916790856
nola,T949,119,78.31932773109244,0.006638775244988929,0.13368310900268607,0.449296061225459,0.6267544579582923,87,0.1365304037271187
nina,T949,119,85.63865546218487,9.659036028204384e-05,0.15941696199820724,0.4237074779777176,0.6266271081402306,1,0.0019864388232467252
hana,T300,119,221.7731092436975,0.0,0.2663527444084267,0.2908428857506579,0.8551993796973408,0,0.0
leon,T949,119,90,0.0,0.14606633147106196,0.42586384223274,0.6551906595795209,0,0.0
