run,topic,precision,recall,f1,tp,fp,fn,n_cited_docs
adela,rag2026-0,0.9882,0.0279,0.0543,167,2,5819,42
adela,rag2026-1,0.9839,0.0243,0.0474,122,2,4899,29
adela,rag2026-2,0.98,0.0363,0.0701,147,3,3900,27
adela,rag2026-3,0.9759,0.0492,0.0936,162,4,3133,42
adela,rag2026-4,0.9784,0.0269,0.0523,136,3,4923,32
adela,rag2026-5,0.9815,0.0384,0.0739,159,3,3982,32
adela,rag2026-6,1.0,0.0217,0.0425,221,0,9960,48
adela,rag2026-7,0.9696,0.0487,0.0928,223,7,4354,37
adela,rag2026-8,0.9309,0.0315,0.0609,175,13,5382,38
adela,rag2026-9,0.9739,0.0256,0.0499,149,4,5675,28
adela,rag2026-10,0.9371,0.0304,0.0588,134,9,4278,30
adela,rag2026-11,0.9625,0.0255,0.0496,154,6,5891,31
adela,rag2026-12,0.9932,0.0212,0.0414,146,1,6755,38
adela,rag2026-13,0.9821,0.0335,0.0648,165,3,4758,38
adela,rag2026-14,1.0,0.0212,0.0415,184,0,8491,44
adela,rag2026-15,0.9834,0.0387,0.0745,178,3,4419,44
adela,rag2026-16,0.9935,0.0211,0.0413,153,1,7108,46
adela,rag2026-17,0.9932,0.0255,0.0497,146,1,5578,42
adela,rag2026-18,0.9695,0.0638,0.1196,159,5,2335,32
adela,rag2026-19,0.9944,0.0237,0.0462,177,1,7304,45
adela,rag2026-20,0.9794,0.0184,0.0361,95,2,5067,27
adela,rag2026-21,0.9714,0.0258,0.0503,136,4,5134,37
adela,rag2026-22,0.9701,0.0266,0.0517,130,4,4766,42
adela,rag2026-23,0.9941,0.0253,0.0493,168,1,6479,49
adela,rag2026-24,0.9662,0.0246,0.0479,143,5,5679,39
adela,rag2026-25,0.9638,0.0418,0.0801,133,5,3049,24
adela,rag2026-26,1.0,0.0141,0.0278,166,0,11615,50
adela,rag2026-27,0.9893,0.0213,0.0417,185,2,8502,43
adela,rag2026-28,0.9891,0.0259,0.0504,182,2,6857,35
adela,rag2026-29,1.0,0.0321,0.0622,177,0,5335,48
adela,rag2026-30,0.9944,0.0332,0.0643,178,1,5179,48
adela,rag2026-31,0.994,0.0297,0.0576,165,1,5399,42
adela,rag2026-32,0.9805,0.0333,0.0645,151,3,4379,40
adela,rag2026-33,0.974,0.03,0.0583,150,4,4842,43
adela,rag2026-34,0.9945,0.0406,0.078,182,1,4299,47
adela,rag2026-35,0.9866,0.0441,0.0844,147,2,3187,35
adela,rag2026-36,0.9901,0.0274,0.0533,200,2,7108,44
adela,rag2026-37,0.9763,0.0329,0.0637,165,4,4845,39
adela,rag2026-38,0.9884,0.0358,0.0691,171,2,4606,48
adela,rag2026-39,0.9952,0.0276,0.0536,208,1,7339,37
adela,rag2026-40,0.9889,0.0313,0.0606,178,2,5517,44
adela,rag2026-41,0.9883,0.0233,0.0456,169,2,7080,46
adela,rag2026-42,0.9634,0.0347,0.067,158,6,4395,37
adela,rag2026-43,0.9706,0.0399,0.0767,165,5,3970,31
adela,rag2026-44,1.0,0.0351,0.0678,158,0,4343,54
adela,rag2026-45,0.9789,0.0306,0.0594,186,4,5888,42
adela,rag2026-46,0.9618,0.0425,0.0814,151,6,3402,37
adela,rag2026-47,0.994,0.0339,0.0656,167,1,4753,44
adela,rag2026-48,0.9741,0.0358,0.069,188,5,5070,43
adela,rag2026-49,0.9785,0.046,0.0879,182,4,3775,39
adela,rag2026-50,0.9763,0.0298,0.0579,165,4,5370,32
adela,rag2026-51,0.9806,0.0312,0.0605,152,3,4717,36
adela,rag2026-52,0.9834,0.0467,0.0892,178,3,3633,32
adela,rag2026-53,0.9837,0.0364,0.0703,181,3,4787,45
adela,rag2026-54,0.9887,0.0387,0.0745,175,2,4346,41
adela,rag2026-55,0.9895,0.0242,0.0472,188,2,7584,44
adela,rag2026-56,0.9803,0.0234,0.0458,149,3,6205,47
adela,rag2026-57,0.9866,0.0242,0.0472,147,2,5934,47
adela,rag2026-58,0.974,0.0385,0.074,75,2,1875,30
adela,rag2026-59,0.9779,0.0253,0.0494,177,4,6815,39
adela,rag2026-60,0.9643,0.0758,0.1406,189,7,2303,36
adela,rag2026-61,0.9747,0.0279,0.0543,154,4,5363,42
adela,rag2026-62,0.9792,0.0249,0.0487,141,3,5511,35
adela,rag2026-63,0.9907,0.0271,0.0528,107,1,3836,37
adela,rag2026-64,0.994,0.0307,0.0595,167,1,5280,47
adela,rag2026-65,1.0,0.0419,0.0805,185,0,4229,40
adela,rag2026-66,0.9891,0.0256,0.05,182,2,6921,45
adela,rag2026-67,0.9846,0.0166,0.0326,128,2,7593,34
adela,rag2026-68,0.9817,0.0401,0.0771,161,3,3849,38
adela,rag2026-69,0.9848,0.031,0.0601,194,3,6060,44
adela,rag2026-70,0.9344,0.0523,0.0991,171,12,3097,31
adela,rag2026-71,0.993,0.0375,0.0723,141,1,3617,48
adela,rag2026-72,1.0,0.0296,0.0576,188,0,6155,35
adela,rag2026-73,0.994,0.0222,0.0434,165,1,7281,51
adela,rag2026-74,0.9494,0.0361,0.0695,169,9,4518,25
adela,rag2026-75,0.9932,0.0336,0.065,145,1,4168,39
adela,rag2026-76,0.9789,0.0239,0.0467,139,3,5672,30
adela,rag2026-77,0.9879,0.0524,0.0995,163,2,2947,42
adela,rag2026-78,0.9848,0.032,0.062,194,3,5865,39
adela,rag2026-79,0.9882,0.0224,0.0439,168,2,7320,30
adela,rag2026-80,0.9146,0.0461,0.0878,150,14,3104,31
adela,rag2026-81,0.9853,0.0416,0.0799,134,2,3086,30
adela,rag2026-82,0.981,0.0293,0.0569,207,4,6857,49
adela,rag2026-83,0.9922,0.0161,0.0316,128,1,7840,38
adela,rag2026-84,0.972,0.0328,0.0635,104,3,3067,29
adela,rag2026-85,0.9938,0.0319,0.0619,161,1,4881,43
adela,rag2026-86,0.9545,0.0516,0.0979,126,6,2315,28
adela,rag2026-87,0.9946,0.0189,0.037,185,1,9618,45
adela,rag2026-88,0.982,0.0228,0.0446,164,3,7026,41
adela,rag2026-89,0.9811,0.0289,0.0561,208,4,7000,51
adela,rag2026-90,1.0,0.0345,0.0667,183,0,5120,45
adela,rag2026-91,0.9254,0.0337,0.065,124,10,3555,31
adela,rag2026-92,0.9909,0.0259,0.0505,109,1,4100,28
adela,rag2026-93,1.0,0.0565,0.1069,118,0,1971,42
adela,rag2026-94,0.978,0.0385,0.074,178,4,4448,47
adela,rag2026-95,0.9918,0.0408,0.0784,241,2,5664,48
adela,rag2026-96,0.9884,0.0226,0.0441,171,2,7406,43
adela,rag2026-97,0.9653,0.0348,0.0673,139,5,3850,29
adela,rag2026-98,0.9847,0.0273,0.0532,129,2,4588,48
adela,rag2026-99,0.9878,0.0304,0.0589,162,2,5171,39
adela,rag2026-100,0.9884,0.0224,0.0437,171,2,7474,46
adela,rag2026-101,1.0,0.0305,0.0592,146,0,4638,35
adela,rag2026-102,0.9795,0.0341,0.066,143,3,4047,33
adela,rag2026-103,0.9945,0.0371,0.0715,180,1,4677,38
adela,rag2026-104,0.9821,0.0353,0.0682,165,3,4508,56
adela,rag2026-105,0.9724,0.0302,0.0586,141,4,4524,38
adela,rag2026-106,0.9938,0.0603,0.1137,161,1,2509,34
adela,rag2026-107,0.9821,0.0307,0.0596,110,2,3468,25
adela,rag2026-108,0.9892,0.0271,0.0528,183,2,6563,44
adela,rag2026-109,0.9586,0.0272,0.053,162,7,5786,46
adela,rag2026-110,0.9936,0.0361,0.0697,156,1,4166,47
adela,rag2026-111,0.9817,0.0308,0.0598,107,2,3362,42
adela,rag2026-112,0.987,0.0618,0.1163,152,2,2307,49
adela,rag2026-113,0.9409,0.0521,0.0988,175,11,3183,48
adela,rag2026-114,0.9887,0.0278,0.054,175,2,6128,43
adela,rag2026-115,0.9338,0.0207,0.0405,127,9,6013,34
adela,rag2026-116,0.982,0.0308,0.0597,218,4,6862,48
adela,rag2026-117,0.9806,0.0374,0.072,152,3,3916,46
adela,rag2026-118,0.9841,0.0436,0.0835,186,3,4082,27
alex,rag2026-0,0.9747,0.0846,0.1556,154,4,1667,18
alex,rag2026-1,0.9931,0.1264,0.2243,143,1,988,21
alex,rag2026-2,0.9787,0.05,0.0951,138,3,2622,13
alex,rag2026-3,0.9919,0.0756,0.1404,123,1,1505,23
alex,rag2026-4,0.9804,0.0845,0.1555,100,2,1084,16
alex,rag2026-5,0.9843,0.066,0.1237,125,2,1769,17
alex,rag2026-6,0.9831,0.0833,0.1536,232,4,2553,19
alex,rag2026-7,0.988,0.0523,0.0994,165,2,2987,16
alex,rag2026-8,0.9663,0.0716,0.1334,172,6,2229,14
alex,rag2026-9,0.9932,0.0637,0.1197,146,1,2146,18
alex,rag2026-10,0.9879,0.0478,0.0911,163,2,3250,20
alex,rag2026-11,0.9755,0.0483,0.092,159,4,3134,16
alex,rag2026-12,0.9915,0.0407,0.0782,117,1,2759,16
alex,rag2026-13,0.95,0.1131,0.2021,152,8,1192,17
alex,rag2026-14,0.973,0.0545,0.1033,108,3,1872,20
alex,rag2026-15,0.9828,0.0812,0.15,171,3,1935,19
alex,rag2026-16,0.981,0.0718,0.1338,155,3,2004,23
alex,rag2026-17,0.9829,0.039,0.0749,115,2,2837,21
alex,rag2026-18,0.9533,0.1011,0.1828,102,5,907,13
alex,rag2026-19,0.989,0.0484,0.0923,180,2,3539,18
alex,rag2026-20,0.9756,0.0496,0.0943,80,2,1534,12
alex,rag2026-21,0.9737,0.1229,0.2183,148,4,1056,20
alex,rag2026-22,0.9747,0.0535,0.1013,154,4,2727,18
alex,rag2026-23,0.9928,0.068,0.1274,138,1,1890,15
alex,rag2026-24,0.9451,0.0597,0.1122,155,9,2443,17
alex,rag2026-25,0.9538,0.0395,0.0759,124,6,3014,25
alex,rag2026-26,0.9822,0.0518,0.0983,166,3,3041,17
alex,rag2026-27,0.9518,0.0742,0.1377,158,8,1971,12
alex,rag2026-28,0.8559,0.181,0.2987,95,16,430,3
alex,rag2026-29,0.9931,0.0687,0.1285,144,1,1953,16
alex,rag2026-30,0.9877,0.0784,0.1453,160,2,1881,21
alex,rag2026-31,0.9784,0.1393,0.2439,181,4,1118,23
alex,rag2026-32,0.9669,0.1192,0.2122,146,5,1079,23
alex,rag2026-33,0.9048,0.1205,0.2127,114,12,832,13
alex,rag2026-34,0.9847,0.0542,0.1027,129,2,2251,15
alex,rag2026-35,0.9713,0.0935,0.1706,169,5,1638,16
alex,rag2026-36,0.6949,0.2103,0.3228,41,18,154,1
alex,rag2026-37,0.9577,0.0816,0.1504,136,6,1530,23
alex,rag2026-38,1.0,0.0529,0.1004,142,0,2544,21
alex,rag2026-39,0.9568,0.0628,0.1178,133,6,1986,18
alex,rag2026-40,0.9856,0.1018,0.1845,137,2,1209,11
alex,rag2026-41,0.9935,0.1168,0.209,153,1,1157,23
alex,rag2026-42,0.9795,0.091,0.1666,143,3,1428,18
alex,rag2026-43,0.9206,0.0785,0.1446,116,10,1362,8
alex,rag2026-44,0.9793,0.0566,0.1069,142,3,2369,20
alex,rag2026-45,0.9822,0.075,0.1394,166,3,2047,11
alex,rag2026-46,0.9941,0.093,0.17,169,1,1649,24
alex,rag2026-47,0.972,0.0602,0.1133,139,4,2171,15
alex,rag2026-48,0.9643,0.0756,0.1403,135,5,1650,18
alex,rag2026-49,0.9745,0.0628,0.118,191,5,2850,17
alex,rag2026-50,0.957,0.0793,0.1464,178,8,2067,16
alex,rag2026-51,0.9927,0.0783,0.1451,136,1,1602,22
alex,rag2026-52,0.9682,0.0975,0.1772,213,7,1971,14
alex,rag2026-53,0.9437,0.132,0.2316,134,8,881,9
alex,rag2026-54,0.9921,0.0491,0.0936,126,1,2438,16
alex,rag2026-55,0.9877,0.0648,0.1217,161,2,2322,18
alex,rag2026-56,0.9874,0.0557,0.1055,157,2,2660,19
alex,rag2026-57,0.9861,0.0382,0.0735,142,2,3576,26
alex,rag2026-58,0.9821,0.0561,0.1061,55,1,926,23
alex,rag2026-59,1.0,0.0712,0.1329,157,0,2049,18
alex,rag2026-60,0.9337,0.1537,0.2639,183,13,1008,20
alex,rag2026-61,0.9789,0.0467,0.0891,139,3,2839,19
alex,rag2026-62,0.8727,0.1416,0.2437,96,14,582,6
alex,rag2026-63,0.9626,0.0987,0.179,103,4,941,11
alex,rag2026-64,0.9885,0.0767,0.1423,172,2,2071,23
alex,rag2026-65,1.0,0.0733,0.1366,143,0,1807,17
alex,rag2026-66,0.9775,0.0677,0.1266,174,4,2396,17
alex,rag2026-67,0.9677,0.0453,0.0866,150,5,3159,13
alex,rag2026-68,0.9882,0.0802,0.1483,168,2,1928,17
alex,rag2026-69,0.9275,0.1888,0.3137,64,5,275,1
alex,rag2026-70,0.9091,0.1071,0.1916,140,14,1167,10
alex,rag2026-71,0.9825,0.0662,0.124,112,2,1581,17
alex,rag2026-72,0.994,0.0345,0.0667,167,1,4670,17
alex,rag2026-73,0.988,0.0698,0.1304,164,2,2186,20
alex,rag2026-74,0.9617,0.0734,0.1364,201,8,2538,11
alex,rag2026-75,0.9882,0.0676,0.1265,168,2,2318,21
alex,rag2026-76,0.9796,0.055,0.1042,144,3,2474,20
alex,rag2026-77,1.0,0.0802,0.1485,107,0,1227,15
alex,rag2026-78,0.981,0.082,0.1513,155,3,1736,26
alex,rag2026-79,0.9876,0.0643,0.1208,159,2,2312,18
alex,rag2026-80,0.9419,0.0634,0.1188,162,10,2394,25
alex,rag2026-81,0.9664,0.0311,0.0603,115,4,3580,24
alex,rag2026-82,0.972,0.052,0.0987,139,4,2534,14
alex,rag2026-83,0.9778,0.0585,0.1104,132,3,2125,18
alex,rag2026-84,0.9877,0.0555,0.1051,80,1,1362,22
alex,rag2026-85,0.9913,0.0378,0.0728,114,1,2903,25
alex,rag2026-86,0.9942,0.1078,0.1945,172,1,1424,22
alex,rag2026-87,0.9607,0.1141,0.2039,171,7,1328,14
alex,rag2026-88,0.988,0.0549,0.104,165,2,2840,22
alex,rag2026-89,0.9874,0.033,0.0638,157,2,4605,23
alex,rag2026-90,1.0,0.0803,0.1486,152,0,1742,18
alex,rag2026-91,0.9535,0.1091,0.1959,123,6,1004,9
alex,rag2026-92,0.9596,0.0857,0.1574,95,4,1013,15
alex,rag2026-93,0.9908,0.0575,0.1087,108,1,1770,22
alex,rag2026-94,0.9636,0.0683,0.1275,106,4,1447,17
alex,rag2026-95,1.0,0.0779,0.1445,173,0,2049,16
alex,rag2026-96,0.988,0.0734,0.1366,165,2,2083,18
alex,rag2026-97,0.9526,0.1049,0.1889,181,9,1545,13
alex,rag2026-98,0.9888,0.0546,0.1034,88,1,1525,22
alex,rag2026-99,1.0,0.0669,0.1253,137,0,1912,24
alex,rag2026-100,0.9704,0.0391,0.0751,131,4,3221,21
alex,rag2026-101,0.9805,0.1116,0.2004,151,3,1202,20
alex,rag2026-102,1.0,0.062,0.1167,164,0,2483,16
alex,rag2026-103,1.0,0.1066,0.1926,141,0,1182,16
alex,rag2026-104,0.9938,0.0555,0.1051,159,1,2706,15
alex,rag2026-105,1.0,0.0566,0.1071,122,0,2035,16
alex,rag2026-106,0.9817,0.0511,0.0972,107,2,1985,18
alex,rag2026-107,0.947,0.0628,0.1178,125,7,1866,8
alex,rag2026-108,0.9651,0.0763,0.1413,166,6,2011,15
alex,rag2026-109,1.0,0.042,0.0806,140,0,3192,14
alex,rag2026-110,0.969,0.0556,0.1052,125,4,2122,20
alex,rag2026-111,0.9724,0.0447,0.0855,141,4,3014,28
alex,rag2026-112,0.9928,0.1189,0.2123,138,1,1023,18
alex,rag2026-114,0.9706,0.0875,0.1606,132,4,1376,17
alex,rag2026-115,0.5714,0.129,0.2105,28,21,189,3
alex,rag2026-116,0.9877,0.0827,0.1526,161,2,1786,15
alex,rag2026-117,1.0,0.0866,0.1594,149,0,1572,23
alex,rag2026-118,0.9924,0.0584,0.1104,131,1,2111,23
alton,rag2026-0,0.9701,0.0718,0.1338,162,5,2093,27
alton,rag2026-1,0.9441,0.0769,0.1423,135,8,1620,33
alton,rag2026-10,0.9808,0.029,0.0563,153,3,5128,31
alton,rag2026-100,0.95,0.0345,0.0665,114,6,3192,30
alton,rag2026-101,0.9577,0.0625,0.1173,136,6,2041,26
alton,rag2026-102,0.9753,0.0319,0.0618,158,4,4791,23
alton,rag2026-103,0.9362,0.0323,0.0624,132,9,3961,9
alton,rag2026-104,0.9667,0.0432,0.0827,145,5,3211,28
alton,rag2026-105,0.9756,0.0393,0.0755,80,2,1958,23
alton,rag2026-106,0.9122,0.0587,0.1104,135,13,2163,26
alton,rag2026-107,0.7966,0.0385,0.0734,47,12,1175,6
alton,rag2026-108,0.9645,0.0582,0.1098,163,6,2636,32
alton,rag2026-109,0.9299,0.0724,0.1344,146,11,1870,21
alton,rag2026-11,0.9172,0.067,0.1248,155,14,2160,28
alton,rag2026-110,0.9714,0.0485,0.0924,136,4,2667,36
alton,rag2026-111,0.9917,0.0438,0.084,120,1,2617,43
alton,rag2026-112,0.9744,0.0581,0.1096,114,3,1849,23
alton,rag2026-113,0.9231,0.0537,0.1015,120,10,2115,15
alton,rag2026-114,0.964,0.0248,0.0483,107,4,4210,12
alton,rag2026-115,0.871,0.0728,0.1343,81,12,1032,15
alton,rag2026-116,0.9455,0.0996,0.1803,191,11,1726,33
alton,rag2026-117,0.9524,0.0433,0.0828,120,6,2652,26
alton,rag2026-118,0.9461,0.0691,0.1287,158,9,2130,36
alton,rag2026-12,0.9873,0.0386,0.0744,156,2,3882,25
alton,rag2026-13,0.9596,0.0623,0.117,95,4,1430,15
alton,rag2026-14,0.973,0.0356,0.0687,108,3,2924,21
alton,rag2026-15,0.9718,0.0466,0.0889,138,4,2823,30
alton,rag2026-16,0.9826,0.0553,0.1046,113,2,1932,22
alton,rag2026-17,0.9881,0.0585,0.1105,83,1,1335,17
alton,rag2026-18,0.942,0.1126,0.2011,130,8,1025,20
alton,rag2026-19,1.0,0.0198,0.0388,165,0,8183,23
alton,rag2026-2,0.9634,0.0485,0.0924,158,6,3097,28
alton,rag2026-20,0.9863,0.0201,0.0393,72,1,3515,12
alton,rag2026-21,0.9247,0.1023,0.1842,135,11,1185,26
alton,rag2026-22,0.963,0.0208,0.0408,104,4,4889,11
alton,rag2026-23,0.9625,0.0423,0.0811,154,6,3483,22
alton,rag2026-24,0.8601,0.055,0.1034,123,20,2113,19
alton,rag2026-25,0.9762,0.0367,0.0707,82,2,2153,16
alton,rag2026-26,0.9615,0.0814,0.1501,175,7,1975,35
alton,rag2026-27,0.8947,0.0696,0.1291,119,14,1591,15
alton,rag2026-28,0.9322,0.0508,0.0964,165,12,3083,23
alton,rag2026-29,0.9691,0.0809,0.1493,157,5,1784,21
alton,rag2026-3,0.9815,0.0479,0.0914,106,2,2106,41
alton,rag2026-30,0.9496,0.0622,0.1167,132,7,1991,28
alton,rag2026-31,0.9252,0.0756,0.1397,99,8,1211,19
alton,rag2026-32,0.932,0.0988,0.1787,137,10,1249,29
alton,rag2026-33,0.9191,0.0994,0.1795,125,11,1132,22
alton,rag2026-34,0.9224,0.0329,0.0635,107,9,3147,12
alton,rag2026-35,0.9754,0.0206,0.0404,119,3,5656,13
alton,rag2026-36,0.9537,0.0295,0.0572,103,5,3389,7
alton,rag2026-37,0.9728,0.0761,0.1411,143,4,1737,23
alton,rag2026-38,0.9784,0.0604,0.1137,136,3,2117,36
alton,rag2026-39,0.9843,0.0321,0.0622,125,2,3765,18
alton,rag2026-4,0.9664,0.0817,0.1506,115,4,1293,25
alton,rag2026-40,0.9324,0.03,0.0581,138,10,4463,10
alton,rag2026-41,0.9583,0.0479,0.0912,92,4,1830,21
alton,rag2026-42,0.9931,0.04,0.0769,143,1,3434,28
alton,rag2026-43,0.9174,0.0386,0.074,111,10,2767,21
alton,rag2026-44,0.9716,0.0527,0.1,137,4,2461,21
alton,rag2026-45,0.9455,0.0457,0.0871,104,6,2173,19
alton,rag2026-46,0.9764,0.0699,0.1304,124,3,1651,26
alton,rag2026-47,0.9558,0.0363,0.07,108,5,2866,19
alton,rag2026-48,0.9558,0.0726,0.135,108,5,1379,21
alton,rag2026-49,0.977,0.0494,0.094,170,4,3272,31
alton,rag2026-5,0.9664,0.0598,0.1126,115,4,1808,22
alton,rag2026-50,0.8759,0.0733,0.1352,120,17,1518,16
alton,rag2026-51,0.9274,0.0938,0.1704,115,9,1111,20
alton,rag2026-52,0.9824,0.0857,0.1577,167,3,1781,15
alton,rag2026-53,0.9146,0.0386,0.074,75,7,1869,5
alton,rag2026-54,0.9606,0.0372,0.0716,122,5,3159,22
alton,rag2026-55,0.976,0.0657,0.1231,122,3,1735,17
alton,rag2026-56,0.9795,0.0308,0.0597,143,3,4499,21
alton,rag2026-57,0.9618,0.0358,0.0691,126,5,3391,30
alton,rag2026-58,0.9577,0.0905,0.1655,68,3,683,32
alton,rag2026-59,0.942,0.0722,0.1342,65,4,835,12
alton,rag2026-6,0.9947,0.039,0.0751,187,1,4604,37
alton,rag2026-60,0.9608,0.135,0.2367,196,8,1256,36
alton,rag2026-61,0.9521,0.0817,0.1504,159,8,1788,21
alton,rag2026-62,0.9588,0.0375,0.0721,93,4,2390,19
alton,rag2026-63,1.0,0.0497,0.0946,109,0,2086,27
alton,rag2026-64,0.988,0.0374,0.072,165,2,4250,42
alton,rag2026-65,0.987,0.0728,0.1355,152,2,1937,33
alton,rag2026-66,0.9681,0.0433,0.0828,182,6,4025,29
alton,rag2026-67,0.9701,0.043,0.0824,130,4,2893,25
alton,rag2026-68,0.9701,0.0453,0.0866,130,4,2739,25
alton,rag2026-69,0.9765,0.0648,0.1216,166,4,2395,27
alton,rag2026-7,0.9776,0.0329,0.0636,131,3,3852,28
alton,rag2026-70,0.9211,0.0359,0.0691,105,9,2821,9
alton,rag2026-71,0.9381,0.0468,0.0891,106,7,2160,7
alton,rag2026-72,0.9667,0.0675,0.1261,145,5,2004,28
alton,rag2026-73,0.9806,0.0455,0.087,152,3,3189,32
alton,rag2026-74,0.9008,0.0397,0.076,109,12,2639,5
alton,rag2026-75,0.9011,0.0531,0.1002,82,9,1463,19
alton,rag2026-76,0.9813,0.0473,0.0903,105,2,2113,21
alton,rag2026-77,0.9628,0.0862,0.1582,181,7,1919,27
alton,rag2026-78,0.9825,0.0287,0.0559,112,2,3784,8
alton,rag2026-79,0.9556,0.0224,0.0438,86,4,3754,10
alton,rag2026-8,0.9931,0.0375,0.0722,143,1,3674,24
alton,rag2026-80,0.9412,0.0451,0.0861,112,7,2370,21
alton,rag2026-81,0.9554,0.033,0.0638,107,5,3136,24
alton,rag2026-82,0.8939,0.0647,0.1207,118,14,1705,19
alton,rag2026-83,0.984,0.0176,0.0346,123,2,6862,28
alton,rag2026-84,0.9765,0.0395,0.0759,83,2,2019,32
alton,rag2026-85,1.0,0.0351,0.0677,142,0,3909,26
alton,rag2026-86,0.9766,0.0709,0.1323,125,3,1637,15
alton,rag2026-87,0.9737,0.0323,0.0626,148,4,4430,12
alton,rag2026-88,0.9935,0.0246,0.0481,153,1,6061,38
alton,rag2026-89,0.9936,0.0235,0.0459,155,1,6437,10
alton,rag2026-9,0.9381,0.0561,0.1059,91,6,1530,14
alton,rag2026-90,0.9704,0.0578,0.1092,131,4,2134,27
alton,rag2026-91,0.7544,0.0632,0.1167,43,14,637,8
alton,rag2026-92,1.0,0.0326,0.0631,84,0,2494,17
alton,rag2026-93,0.9286,0.0546,0.1031,91,7,1577,21
alton,rag2026-94,0.9844,0.0382,0.0736,126,2,3171,17
alton,rag2026-95,0.967,0.0861,0.1581,176,6,1868,31
alton,rag2026-96,0.9766,0.0253,0.0492,125,3,4824,18
alton,rag2026-97,0.8722,0.0762,0.1401,116,17,1407,18
alton,rag2026-98,1.0,0.0362,0.0698,78,0,2078,26
alton,rag2026-99,0.9375,0.0809,0.149,150,10,1704,26
