run_a,run_b,mean_jaccard,n_shared_topics
arlo,ryan,0.9709,119
hilda,laura,0.9579,118
alvin,arlo,0.9118,119
arlo,steve,0.9067,119
alvin,ryan,0.9045,119
isaac,steve,0.8926,119
ryan,steve,0.8907,119
hilda,tania,0.8905,118
finn,rita,0.8714,119
damon,tania,0.8696,118
laura,tania,0.8659,118
alvin,steve,0.8353,119
arlo,isaac,0.8245,119
conor,geoff,0.8154,119
aron,jeff,0.8097,119
isaac,ryan,0.8010,119
deena,opal,0.7975,119
damon,hilda,0.7915,118
damon,laura,0.7601,118
alvin,isaac,0.7574,119
eden,todd,0.7229,119
alex,will,0.6711,118
hana,luca,0.6303,119
jon,leon,0.5983,119
chris,zora,0.5933,119
finn,todd,0.5630,119
rita,todd,0.5626,119
nina,nola,0.5562,119
chris,eva,0.5519,119
adela,marco,0.5498,119
hana,xavi,0.5388,119
gwen,marco,0.5376,119
adela,gwen,0.5334,119
eva,zora,0.5295,119
alvin,rene,0.5266,119
karl,marco,0.5262,119
jon,nina,0.5245,119
chris,jeff,0.5141,119
rene,ryan,0.5027,119
aron,chris,0.5020,119
gwen,karl,0.5009,119
jeff,zora,0.4979,119
arlo,rene,0.4923,119
aron,zora,0.4910,119
leon,nola,0.4877,119
adela,karl,0.4785,119
jason,karl,0.4765,119
arlen,sonia,0.4759,119
jason,marco,0.4678,119
rene,steve,0.4670,119
gwen,jason,0.4557,119
leon,nina,0.4497,119
adela,jason,0.4450,119
eden,finn,0.4328,119
eden,rita,0.4291,119
alton,gabe,0.4271,119
isaac,rene,0.4211,119
conor,zora,0.4091,119
paris,sid,0.4091,119
chris,deena,0.3986,119
chris,opal,0.3985,119
arlen,reid,0.3911,119
eva,jeff,0.3883,119
geoff,zora,0.3846,119
conor,eva,0.3819,119
april,karl,0.3775,119
reid,sonia,0.3748,119
aron,eva,0.3712,119
april,jason,0.3574,119
chris,conor,0.3560,119
conor,opal,0.3538,119
geoff,opal,0.3493,119
conor,deena,0.3484,119
april,gwen,0.3471,119
april,marco,0.3419,119
eva,geoff,0.3416,119
deena,geoff,0.3348,119
chris,geoff,0.3339,119
adela,april,0.3323,119
opal,zora,0.3190,119
deena,zora,0.3178,119
miles,pablo,0.3099,119
deena,jeff,0.2936,119
jeff,opal,0.2935,119
aron,opal,0.2933,119
aron,deena,0.2897,119
anika,gilda,0.2825,119
conor,jeff,0.2815,119
henry,miles,0.2752,119
aron,conor,0.2731,119
deena,eva,0.2632,119
eva,opal,0.2597,119
geoff,jeff,0.2521,119
aron,geoff,0.2508,119
gilda,oscar,0.2487,119
henry,oscar,0.2425,119
anika,pablo,0.2300,119
gilda,miles,0.2261,119
brian,eva,0.2224,119
miles,omar,0.2127,119
arlen,jeff,0.2090,119
arlen,chris,0.2089,119
arlen,aron,0.2053,119
arlen,zora,0.2052,119
arlen,deena,0.1950,119
arlen,sofia,0.1944,119
arlen,opal,0.1943,119
anika,miles,0.1893,119
brian,zora,0.1888,119
luca,rick,0.1867,119
arlen,eva,0.1866,119
hana,rick,0.1865,119
omar,pablo,0.1852,119
arlen,conor,0.1850,119
gilda,henry,0.1833,119
arlen,vince,0.1817,119
gilda,omar,0.1802,119
brian,chris,0.1777,119
reid,vince,0.1773,119
pat,saul,0.1770,119
arlen,geoff,0.1752,119
sonia,vince,0.1747,119
reid,sofia,0.1743,119
luca,xavi,0.1691,119
chris,reid,0.1682,119
reid,zora,0.1680,119
miles,oscar,0.1673,119
gilda,pablo,0.1665,119
aron,reid,0.1661,119
jeff,reid,0.1635,119
deena,reid,0.1621,119
opal,reid,0.1608,119
brian,geoff,0.1595,119
april,sofia,0.1595,119
chris,sonia,0.1587,119
karl,sofia,0.1586,119
rick,xavi,0.1577,119
sofia,sonia,0.1555,119
eve,tara,0.1550,119
sonia,zora,0.1548,119
april,arlen,0.1539,119
brian,conor,0.1535,119
henry,omar,0.1535,119
aron,sonia,0.1523,119
conor,reid,0.1517,119
marco,sofia,0.1515,119
geoff,reid,0.1509,119
jeff,sonia,0.1507,119
gwen,sofia,0.1506,119
conor,kane,0.1489,119
jeff,sofia,0.1489,119
conor,sonia,0.1489,119
sofia,zora,0.1487,119
jason,sofia,0.1486,119
eva,reid,0.1475,119
eva,sofia,0.1471,119
chris,sofia,0.1470,119
geoff,kane,0.1456,119
kane,opal,0.1452,119
adela,sofia,0.1429,119
deena,sonia,0.1425,119
sofia,vince,0.1424,119
brad,kane,0.1423,119
april,reid,0.1422,119
anika,omar,0.1420,119
deena,kane,0.1418,119
deena,sofia,0.1408,119
conor,sofia,0.1408,119
aron,sofia,0.1403,119
opal,sonia,0.1398,119
vince,will,0.1393,119
brad,gia,0.1392,119
april,jeff,0.1392,119
arlen,karl,0.1380,119
april,aron,0.1375,119
brad,deena,0.1363,119
geoff,sonia,0.1362,119
alex,vince,0.1361,119
arlen,jason,0.1353,119
alex,reid,0.1337,119
brad,opal,0.1335,119
april,vince,0.1331,119
april,brad,0.1326,119
eva,sonia,0.1326,119
karl,vince,0.1325,119
reid,will,0.1311,119
opal,sofia,0.1309,119
april,deena,0.1308,119
brad,conor,0.1299,119
geoff,sofia,0.1297,119
arlen,marco,0.1292,119
april,sonia,0.1283,119
linda,opal,0.1281,119
deena,linda,0.1278,119
arlen,brad,0.1275,119
marco,vince,0.1273,119
alex,arlen,0.1271,119
kane,sofia,0.1267,119
henry,pablo,0.1267,119
arlen,will,0.1261,119
brad,geoff,0.1252,119
april,zora,0.1251,119
arlen,gwen,0.1242,119
april,chris,0.1241,119
karl,reid,0.1235,119
jeff,karl,0.1226,119
alex,sonia,0.1224,119
conor,linda,0.1224,119
aron,brian,0.1221,119
sonia,will,0.1218,119
gwen,vince,0.1215,119
adela,arlen,0.1211,119
brad,saul,0.1202,119
april,opal,0.1200,119
april,conor,0.1199,119
jason,reid,0.1194,119
brian,jeff,0.1186,119
geoff,linda,0.1179,119
alex,lloyd,0.1178,119
lloyd,reid,0.1171,119
jason,vince,0.1168,119
adela,vince,0.1167,119
lloyd,will,0.1158,119
brad,reid,0.1152,119
aron,karl,0.1147,119
jason,jeff,0.1147,119
deena,vince,0.1146,119
marco,reid,0.1146,119
brad,sofia,0.1145,119
lloyd,vince,0.1145,119
brad,sonia,0.1144,119
deena,karl,0.1139,119
omar,oscar,0.1138,119
april,geoff,0.1134,119
sofia,will,0.1120,119
carlo,paula,0.1117,113
gwen,jeff,0.1112,119
april,kane,0.1111,119
karl,zora,0.1110,119
karl,sonia,0.1108,119
alex,sofia,0.1108,119
gwen,reid,0.1106,119
jeff,marco,0.1096,119
aron,brad,0.1086,119
arlen,lloyd,0.1086,119
lloyd,sonia,0.1084,119
brad,vince,0.1082,119
aron,kane,0.1079,119
brad,karl,0.1075,119
gia,kane,0.1075,119
aron,jason,0.1070,119
chris,karl,0.1066,119
arlen,kane,0.1062,119
jason,sonia,0.1061,119
ariel,lars,0.1055,119
karl,opal,0.1054,119
brad,jeff,0.1052,119
eve,saul,0.1051,119
edith,lars,0.1050,119
gia,linda,0.1050,119
aron,gwen,0.1047,119
conor,vince,0.1045,119
adela,jeff,0.1045,119
conor,karl,0.1044,119
aron,marco,0.1042,119
ariel,edith,0.1041,119
adela,reid,0.1041,119
conor,gia,0.1040,119
opal,vince,0.1039,119
brian,opal,0.1036,119
reid,saul,0.1033,119
jeff,kane,0.1030,119
april,eva,0.1030,119
saul,sofia,0.1027,119
chris,jason,0.1023,119
marco,sonia,0.1023,119
jason,zora,0.1017,119
deena,jason,0.1017,119
brad,jason,0.1015,119
brian,deena,0.1012,119
marco,zora,0.1007,119
saul,sonia,0.1007,119
brad,linda,0.1007,119
kane,reid,0.1005,119
geoff,gia,0.1005,119
chris,marco,0.0997,119
chris,gwen,0.0997,119
jeff,linda,0.0996,119
gwen,zora,0.0995,119
eva,karl,0.0994,119
linda,zora,0.0991,119
chris,vince,0.0990,119
kane,karl,0.0989,119
jeff,vince,0.0987,119
kane,zora,0.0987,119
vince,zora,0.0984,119
kane,linda,0.0983,119
aron,linda,0.0983,119
jason,opal,0.0983,119
adela,aron,0.0980,119
arlen,brian,0.0976,119
aron,vince,0.0975,119
geoff,vince,0.0975,119
deena,gwen,0.0973,119
brad,gwen,0.0970,119
carmen,lars,0.0969,119
geoff,karl,0.0966,119
gwen,sonia,0.0963,119
deena,marco,0.0962,119
brad,chris,0.0957,119
daria,zora,0.0955,119
chris,linda,0.0951,119
adela,chris,0.0949,119
brad,zora,0.0946,119
brad,pat,0.0946,119
jason,kane,0.0944,119
daria,eva,0.0940,119
conor,jason,0.0938,119
eva,gwen,0.0936,119
adela,zora,0.0934,119
deena,gia,0.0933,119
arlen,saul,0.0930,119
lloyd,sofia,0.0928,119
adela,deena,0.0921,119
april,will,0.0914,119
maya,saul,0.0909,119
eva,marco,0.0908,119
carmen,edith,0.0908,119
adela,sonia,0.0906,119
chris,kane,0.0906,119
adela,brad,0.0905,119
gia,opal,0.0899,119
chris,daria,0.0898,119
conor,marco,0.0896,119
alex,deena,0.0895,119
adela,eva,0.0895,119
conor,gwen,0.0894,119
april,saul,0.0894,119
daria,geoff,0.0893,119
saul,vince,0.0892,119
deena,will,0.0890,119
gwen,opal,0.0889,119
ariel,carmen,0.0888,119
eva,jason,0.0884,119
conor,daria,0.0881,119
marco,opal,0.0878,119
brad,marco,0.0876,119
linda,reid,0.0875,119
chris,will,0.0874,119
gwen,kane,0.0873,119
kane,marco,0.0871,119
adela,conor,0.0868,119
alex,jeff,0.0866,119
jon,nola,0.0866,119
geoff,jason,0.0863,119
conor,will,0.0860,119
alex,april,0.0859,119
aron,daria,0.0859,119
lloyd,saul,0.0857,119
arlen,linda,0.0857,119
brian,reid,0.0854,119
saul,will,0.0852,119
alex,aron,0.0852,119
anika,henry,0.0847,119
alex,zora,0.0846,119
alex,chris,0.0846,119
annie,paula,0.0845,118
alex,conor,0.0845,119
will,zora,0.0843,119
adela,opal,0.0843,119
anika,oscar,0.0840,119
opal,will,0.0836,119
alex,brad,0.0834,119
alex,opal,0.0833,119
adela,kane,0.0827,119
daria,reid,0.0824,119
jeff,will,0.0822,119
deena,saul,0.0822,119
eva,vince,0.0821,119
geoff,gwen,0.0819,119
aron,will,0.0815,119
conor,saul,0.0815,119
daria,jeff,0.0812,119
karl,will,0.0806,119
opal,saul,0.0803,119
brad,will,0.0800,119
geoff,marco,0.0799,119
alex,saul,0.0799,119
kane,sonia,0.0798,119
maya,pat,0.0792,119
geoff,saul,0.0791,119
arlen,daria,0.0788,119
geoff,will,0.0784,119
kane,vince,0.0784,119
april,gia,0.0781,119
adela,geoff,0.0775,119
tara,vince,0.0772,119
brad,lloyd,0.0772,119
oscar,pablo,0.0768,119
linda,sonia,0.0764,119
eve,will,0.0761,119
alex,karl,0.0761,119
april,lloyd,0.0758,119
alex,geoff,0.0757,119
will,zara,0.0748,119
eva,kane,0.0747,119
brian,daria,0.0744,119
maya,nell,0.0743,119
brian,sonia,0.0742,119
tara,will,0.0741,119
darcy,lars,0.0740,119
isaac,will,0.0738,119
karl,saul,0.0738,119
eva,linda,0.0736,119
marco,will,0.0736,119
eden,luca,0.0732,119
saul,tara,0.0730,119
kane,saul,0.0724,119
eve,lloyd,0.0723,119
brad,eva,0.0723,119
steve,will,0.0722,119
lloyd,tara,0.0722,119
alex,eve,0.0721,119
ariel,darcy,0.0719,119
jason,will,0.0719,119
deena,lloyd,0.0716,119
miles,will,0.0715,119
daria,sonia,0.0712,119
alex,miles,0.0709,119
daria,deena,0.0708,119
gwen,will,0.0707,119
brian,paula,0.0707,119
jason,saul,0.0705,119
alex,tara,0.0704,119
arlo,will,0.0702,119
gabe,sofia,0.0702,119
eden,hana,0.0699,119
alex,marco,0.0697,119
kane,maya,0.0696,119
miles,vince,0.0696,119
gia,maya,0.0695,119
ryan,will,0.0693,119
daria,will,0.0693,119
eve,sofia,0.0693,119
arlen,gia,0.0693,119
daria,opal,0.0693,119
alex,jason,0.0692,119
conor,maya,0.0692,119
eva,will,0.0692,119
alex,gwen,0.0690,119
aron,gia,0.0688,119
miles,sonia,0.0688,119
conor,lloyd,0.0687,119
gia,reid,0.0687,119
alex,pablo,0.0686,119
pablo,sonia,0.0683,119
alton,sofia,0.0683,119
alex,isaac,0.0682,119
lloyd,opal,0.0681,119
alex,eva,0.0681,119
gia,jeff,0.0680,119
alton,will,0.0679,119
alvin,will,0.0677,119
adela,will,0.0676,119
alton,vince,0.0676,119
carmen,luca,0.0673,119
pablo,vince,0.0668,119
pablo,will,0.0667,119
miles,sofia,0.0665,119
paula,reid,0.0664,119
april,linda,0.0663,119
deena,pat,0.0663,119
geoff,maya,0.0663,119
hana,lars,0.0659,119
conor,paula,0.0659,119
jeff,paula,0.0657,119
luca,todd,0.0657,119
eve,reid,0.0656,119
eve,pat,0.0656,119
alex,steve,0.0655,119
alex,zara,0.0653,119
eden,rick,0.0653,119
lloyd,miles,0.0652,119
alex,daria,0.0650,119
alex,alton,0.0649,119
paula,zora,0.0648,119
miles,reid,0.0647,119
opal,pat,0.0647,119
gia,saul,0.0646,119
pat,vince,0.0645,119
hana,todd,0.0645,119
aron,paula,0.0644,119
ariel,rick,0.0644,119
gia,sofia,0.0643,119
pat,sofia,0.0642,119
ariel,luca,0.0640,119
gabe,vince,0.0639,119
eva,paula,0.0636,119
adela,alex,0.0636,119
geoff,lloyd,0.0634,119
pat,tara,0.0633,119
maya,sofia,0.0633,119
eve,vince,0.0633,119
lars,luca,0.0633,119
alex,arlo,0.0633,119
daria,sofia,0.0632,119
arlen,pablo,0.0632,119
chris,gia,0.0632,119
darcy,rick,0.0631,119
alex,ryan,0.0631,119
gabe,will,0.0631,119
linda,sofia,0.0629,119
april,pat,0.0627,119
arlen,miles,0.0627,119
eve,rick,0.0626,119
karl,lloyd,0.0625,119
lars,rick,0.0625,119
lloyd,pablo,0.0624,119
eden,xavi,0.0624,119
ariel,hana,0.0621,119
conor,pat,0.0621,119
june,will,0.0619,119
opal,paula,0.0619,119
carmen,hana,0.0618,119
brian,sofia,0.0618,119
pablo,sofia,0.0617,119
isaac,vince,0.0617,119
henry,will,0.0617,119
aron,lloyd,0.0617,119
gwen,saul,0.0616,119
gabe,saul,0.0616,119
alex,alvin,0.0615,119
darcy,edith,0.0614,119
gia,zora,0.0614,119
eden,miles,0.0613,119
maya,reid,0.0613,119
chris,saul,0.0612,119
alton,lloyd,0.0612,119
ariel,xavi,0.0611,119
marco,saul,0.0611,119
chris,paula,0.0611,119
alex,henry,0.0608,119
deena,maya,0.0607,119
darcy,luca,0.0606,119
gabe,lloyd,0.0606,119
edith,hana,0.0606,119
gia,vince,0.0606,119
eve,xavi,0.0605,119
pablo,reid,0.0604,119
chris,lloyd,0.0603,119
jeff,lloyd,0.0603,119
gia,pat,0.0598,119
jeff,nola,0.0598,119
darcy,xavi,0.0597,119
aron,saul,0.0597,119
kane,pat,0.0597,119
rick,todd,0.0597,119
miles,todd,0.0596,119
geoff,paula,0.0595,119
finn,luca,0.0595,119
nola,zora,0.0595,119
jeff,saul,0.0595,119
edith,luca,0.0595,119
june,luca,0.0593,119
eden,pablo,0.0592,119
april,tara,0.0592,119
alex,gabe,0.0591,119
saul,zora,0.0590,119
paris,will,0.0590,119
linda,saul,0.0590,119
sofia,tara,0.0589,119
eve,sonia,0.0588,119
maya,opal,0.0588,119
anika,sonia,0.0587,119
gia,karl,0.0586,119
pablo,todd,0.0586,119
luca,rita,0.0585,119
darcy,sara,0.0584,119
geoff,pat,0.0584,119
deena,paula,0.0584,119
lloyd,zora,0.0583,119
alton,sonia,0.0581,119
ariel,eden,0.0581,119
alton,eden,0.0579,119
alex,june,0.0579,119
steve,vince,0.0578,119
andre,maya,0.0578,119
pat,will,0.0578,119
june,xavi,0.0578,119
lars,xavi,0.0578,119
alton,reid,0.0578,119
karl,pat,0.0577,119
eva,nola,0.0577,119
alex,paris,0.0576,119
todd,xavi,0.0576,119
miles,saul,0.0574,119
gilda,sonia,0.0573,119
ariel,todd,0.0572,119
pat,reid,0.0571,119
lars,sara,0.0571,119
finn,hana,0.0571,119
eve,hana,0.0570,119
edith,rick,0.0570,119
jamie,will,0.0568,119
arlen,eve,0.0568,119
alton,saul,0.0568,119
isaac,zara,0.0567,119
carmen,rick,0.0567,119
gia,sonia,0.0566,119
eve,luca,0.0564,119
hana,rita,0.0564,119
eden,edith,0.0562,119
ariel,sara,0.0561,119
hana,june,0.0561,119
eden,gabe,0.0561,119
edith,xavi,0.0560,119
brad,eve,0.0559,119
alton,todd,0.0559,119
steve,zara,0.0559,119
miles,rita,0.0558,119
pablo,saul,0.0558,119
lloyd,pat,0.0558,119
aron,nola,0.0557,119
adela,saul,0.0556,119
arlen,pat,0.0556,119
finn,miles,0.0554,119
linda,vince,0.0553,119
april,eve,0.0552,119
gabe,todd,0.0552,119
andre,will,0.0552,119
nola,sofia,0.0552,119
edith,todd,0.0551,119
ariel,miles,0.0551,119
alex,kane,0.0551,119
alex,pat,0.0551,119
darcy,hana,0.0550,119
gwen,lloyd,0.0550,119
arlo,zara,0.0549,119
ryan,zara,0.0549,119
pablo,rita,0.0549,119
gia,jason,0.0548,119
finn,pablo,0.0548,119
ariel,finn,0.0548,119
henry,sofia,0.0548,119
pat,sonia,0.0547,119
arlo,vince,0.0546,119
daria,lloyd,0.0546,119
karl,linda,0.0545,119
alton,april,0.0544,119
isaac,reid,0.0543,119
eden,lars,0.0541,119
alton,miles,0.0541,119
chris,nola,0.0541,119
lloyd,marco,0.0541,119
gabe,reid,0.0540,119
reid,steve,0.0540,119
lars,miles,0.0539,119
maya,will,0.0538,119
ryan,vince,0.0538,119
sid,will,0.0537,119
anika,arlen,0.0537,119
carmen,eden,0.0537,119
alex,andre,0.0537,119
jason,lloyd,0.0537,119
alvin,vince,0.0536,119
edith,miles,0.0536,119
april,daria,0.0536,119
alex,linda,0.0535,119
ariel,rita,0.0534,119
alvin,zara,0.0533,119
luca,sofia,0.0533,119
alton,pablo,0.0533,119
arlo,reid,0.0533,119
jason,pat,0.0532,119
lloyd,paris,0.0532,119
eden,june,0.0532,119
sid,vince,0.0532,119
gabe,sonia,0.0531,119
eve,geoff,0.0531,119
luca,saul,0.0531,119
paris,vince,0.0531,119
linda,will,0.0530,119
rick,saul,0.0530,119
lars,todd,0.0528,119
kane,will,0.0528,119
conor,eve,0.0527,119
alvin,reid,0.0527,119
henry,vince,0.0527,119
arlen,paula,0.0526,119
june,sonia,0.0526,119
luca,miles,0.0526,119
carmen,xavi,0.0524,119
arlen,gilda,0.0524,119
jason,linda,0.0523,119
june,rick,0.0523,119
finn,rick,0.0523,119
brad,maya,0.0523,119
kane,nell,0.0522,118
april,isaac,0.0522,119
rick,rita,0.0522,119
edith,finn,0.0521,119
lars,rita,0.0521,119
alton,arlen,0.0521,119
finn,xavi,0.0519,119
carmen,darcy,0.0519,119
eva,lloyd,0.0519,119
reid,ryan,0.0519,119
daria,vince,0.0519,119
edith,rita,0.0519,119
eve,june,0.0519,119
adela,lloyd,0.0519,119
alex,jamie,0.0517,119
miles,rick,0.0517,119
finn,lars,0.0516,119
rick,sonia,0.0515,119
eve,maya,0.0515,119
edith,pablo,0.0515,119
alton,karl,0.0515,119
carmen,todd,0.0514,119
gilda,reid,0.0514,119
ariel,eve,0.0513,119
april,gabe,0.0513,119
eve,gabe,0.0512,119
rita,xavi,0.0511,119
reid,tara,0.0510,119
damon,isaac,0.0510,119
alex,maya,0.0510,119
lars,pablo,0.0510,119
alton,jason,0.0510,119
darcy,eve,0.0510,119
lloyd,rick,0.0510,119
gabe,miles,0.0509,119
darcy,miles,0.0509,119
anika,reid,0.0509,119
eden,eve,0.0507,119
gabe,pablo,0.0507,119
april,maya,0.0507,119
carmen,finn,0.0506,119
edith,sara,0.0506,119
conor,nola,0.0506,119
karl,tara,0.0505,119
henry,reid,0.0505,119
april,steve,0.0505,119
alex,sid,0.0505,119
ariel,pablo,0.0504,119
henry,sonia,0.0504,119
maya,vince,0.0503,119
arlen,gabe,0.0503,119
daria,eve,0.0503,119
gilda,hana,0.0502,119
rick,sofia,0.0502,119
henry,lloyd,0.0502,119
june,sofia,0.0502,119
ariel,sofia,0.0502,119
gabe,karl,0.0501,119
eva,gia,0.0501,119
gwen,pat,0.0501,119
kane,lloyd,0.0500,119
carmen,rita,0.0500,119
gilda,xavi,0.0500,119
eve,miles,0.0499,119
jamie,zara,0.0499,119
hana,saul,0.0498,119
vince,zara,0.0498,119
daria,nola,0.0497,119
june,todd,0.0497,119
brian,carlo,0.0496,119
gabe,jason,0.0496,119
darcy,sofia,0.0496,119
eden,henry,0.0495,119
anika,will,0.0495,119
april,arlo,0.0494,119
isaac,tania,0.0494,119
alex,anika,0.0493,119
luca,sonia,0.0492,119
alex,gia,0.0490,119
april,miles,0.0490,119
alvin,april,0.0490,119
omar,xavi,0.0489,119
alvin,andre,0.0488,119
hana,lloyd,0.0488,119
gilda,luca,0.0488,119
april,ryan,0.0488,119
paris,sofia,0.0487,119
alton,eve,0.0486,119
rick,will,0.0486,119
darcy,lloyd,0.0486,119
geoff,nola,0.0486,119
hana,pablo,0.0486,119
gwen,tara,0.0486,119
eve,opal,0.0486,119
jeff,nina,0.0485,119
arlen,maya,0.0485,119
hana,miles,0.0485,119
june,lloyd,0.0484,119
hana,sofia,0.0484,119
chris,maya,0.0484,119
eden,jamie,0.0483,119
annie,carlo,0.0483,118
brad,tara,0.0481,119
gilda,rick,0.0481,119
eden,will,0.0481,119
isaac,karl,0.0481,119
isaac,lloyd,0.0480,119
gia,gwen,0.0480,119
linda,paula,0.0480,119
daria,kane,0.0480,119
gilda,will,0.0480,119
lloyd,steve,0.0479,119
paula,sonia,0.0479,119
lloyd,luca,0.0479,119
henry,saul,0.0478,119
rene,will,0.0478,119
lars,omar,0.0478,119
alex,gilda,0.0478,119
alton,jamie,0.0477,119
pablo,xavi,0.0477,119
nola,will,0.0477,119
brad,gabe,0.0477,119
arlen,henry,0.0477,119
henry,todd,0.0477,119
eden,sofia,0.0476,119
gilda,lloyd,0.0476,119
jamie,todd,0.0476,119
lloyd,xavi,0.0475,119
brian,linda,0.0475,119
eve,todd,0.0475,119
arlen,nola,0.0475,119
anika,luca,0.0474,119
ariel,will,0.0473,119
anika,hana,0.0473,119
ariel,henry,0.0473,119
omar,sonia,0.0472,119
luca,pablo,0.0472,119
andre,ryan,0.0471,119
brad,daria,0.0471,119
maya,sonia,0.0470,119
eden,omar,0.0470,119
andre,arlo,0.0470,119
andre,steve,0.0470,119
edith,omar,0.0470,119
omar,rick,0.0469,119
alton,finn,0.0469,119
maya,zora,0.0469,119
eve,pablo,0.0469,119
alton,marco,0.0469,119
june,saul,0.0468,119
deena,eve,0.0467,119
june,reid,0.0466,119
edith,henry,0.0466,119
gia,marco,0.0466,119
lloyd,sid,0.0466,119
karl,steve,0.0466,119
andre,isaac,0.0466,119
anika,lloyd,0.0466,119
damon,steve,0.0465,119
nina,sofia,0.0465,119
carlo,linda,0.0465,119
steve,tania,0.0464,119
hilda,isaac,0.0464,119
isaac,laura,0.0464,119
adela,pat,0.0463,119
nola,opal,0.0463,119
marco,pat,0.0463,119
linda,lloyd,0.0463,119
miles,xavi,0.0463,119
alton,xavi,0.0462,119
carmen,yara,0.0462,119
alex,omar,0.0462,119
arlo,lloyd,0.0462,119
alton,rita,0.0462,119
luca,omar,0.0461,119
eve,nola,0.0461,119
marco,tara,0.0461,119
alton,gwen,0.0461,119
carmen,miles,0.0461,119
ariel,omar,0.0461,119
luca,reid,0.0460,119
gia,will,0.0460,119
alton,rick,0.0459,119
omar,sofia,0.0459,119
hana,sonia,0.0459,119
alton,hana,0.0458,119
eden,lloyd,0.0458,119
june,miles,0.0457,119
luca,will,0.0457,119
nina,zora,0.0457,119
gabe,jamie,0.0457,119
alton,luca,0.0457,119
ariel,sonia,0.0456,119
pablo,rick,0.0456,119
finn,gabe,0.0456,119
sid,sofia,0.0456,119
lloyd,zara,0.0456,119
gabe,luca,0.0456,119
eden,vince,0.0456,119
gabe,rita,0.0456,119
gabe,hana,0.0455,119
paris,sonia,0.0455,119
arlo,damon,0.0455,119
omar,will,0.0455,119
aron,nina,0.0455,119
arlo,tania,0.0455,119
adela,gia,0.0455,119
kane,nola,0.0454,119
lloyd,ryan,0.0454,119
alvin,lloyd,0.0454,119
sonia,xavi,0.0454,119
deena,nola,0.0453,119
anika,xavi,0.0453,119
nell,saul,0.0453,119
gabe,tara,0.0452,119
reid,rick,0.0452,119
alton,brad,0.0452,119
ryan,tania,0.0452,119
damon,ryan,0.0451,119
alvin,daria,0.0451,119
arlen,rick,0.0451,119
alex,ariel,0.0451,119
ariel,lloyd,0.0451,119
sofia,todd,0.0450,119
arlo,daria,0.0450,119
eve,lars,0.0450,119
alton,daria,0.0450,119
alton,henry,0.0450,119
ariel,june,0.0450,119
jason,maya,0.0450,119
omar,todd,0.0449,119
gabe,xavi,0.0449,119
ariel,saul,0.0449,119
isaac,sofia,0.0448,119
alex,nola,0.0448,119
carmen,sara,0.0448,119
darcy,pablo,0.0446,119
daria,karl,0.0446,119
arlen,paris,0.0445,119
arlen,june,0.0445,119
adela,alton,0.0444,119
april,nola,0.0444,119
eve,karl,0.0444,119
jeff,pat,0.0444,119
leon,sofia,0.0443,119
eve,henry,0.0443,119
june,sara,0.0443,119
daria,ryan,0.0443,119
eve,finn,0.0443,119
paris,reid,0.0443,119
june,pablo,0.0443,119
eva,saul,0.0442,119
will,xavi,0.0441,119
gabe,marco,0.0441,119
arlo,karl,0.0440,119
tara,zara,0.0440,119
adela,tara,0.0440,119
lars,sofia,0.0440,119
gia,nell,0.0440,119
todd,will,0.0440,119
arlo,sonia,0.0439,119
henry,rita,0.0439,119
henry,lars,0.0439,119
omar,saul,0.0439,119
daria,isaac,0.0439,119
gabe,henry,0.0439,119
finn,henry,0.0439,119
daria,steve,0.0438,119
hana,omar,0.0438,119
darcy,eden,0.0437,119
gia,lloyd,0.0437,119
sara,will,0.0437,119
todd,vince,0.0437,119
sonia,steve,0.0437,119
nola,saul,0.0437,119
gia,isaac,0.0436,119
ariel,reid,0.0435,119
sofia,xavi,0.0435,119
isaac,sonia,0.0435,119
darcy,sonia,0.0435,119
aron,pat,0.0435,119
gia,steve,0.0435,119
karl,nola,0.0435,119
alvin,sonia,0.0434,119
alex,xavi,0.0434,119
gilda,saul,0.0434,119
hilda,steve,0.0433,119
eve,gia,0.0433,119
alton,darcy,0.0433,119
sofia,steve,0.0433,119
eve,rita,0.0432,119
eden,saul,0.0432,119
laura,steve,0.0432,119
eva,nina,0.0432,119
aron,maya,0.0432,119
april,pablo,0.0432,119
andre,vince,0.0431,119
eva,maya,0.0431,119
luca,sara,0.0431,119
karl,ryan,0.0431,119
alvin,geoff,0.0431,119
miles,sara,0.0430,119
karl,maya,0.0430,119
gwen,linda,0.0430,119
andre,eve,0.0430,119
gabe,rick,0.0430,119
anika,rick,0.0430,119
anika,sofia,0.0429,119
jason,tara,0.0429,119
gabe,gwen,0.0429,119
eve,gilda,0.0429,119
arlen,tara,0.0429,119
alton,ariel,0.0429,119
isaac,marco,0.0428,119
nola,reid,0.0428,119
alex,rick,0.0428,119
alex,rene,0.0428,119
finn,omar,0.0428,119
arlen,omar,0.0428,119
lloyd,todd,0.0428,119
aron,eve,0.0427,119
omar,rita,0.0427,119
alvin,tania,0.0427,119
june,nola,0.0427,119
jeff,maya,0.0427,119
pat,zora,0.0426,119
lars,saul,0.0426,119
eve,jamie,0.0426,119
alvin,gia,0.0426,119
edith,eve,0.0426,119
gabe,june,0.0426,119
miles,paris,0.0425,119
eve,omar,0.0425,119
linda,marco,0.0425,119
linda,pat,0.0425,119
arlo,hilda,0.0424,119
jamie,tara,0.0424,119
leon,zora,0.0424,119
daria,saul,0.0424,119
ariel,gabe,0.0424,119
carmen,omar,0.0424,119
arlo,laura,0.0424,119
andre,zara,0.0423,119
miles,tara,0.0423,119
adela,gabe,0.0423,119
alvin,damon,0.0423,119
lloyd,omar,0.0422,119
alton,tara,0.0422,119
alex,eden,0.0422,119
carmen,pablo,0.0422,119
alvin,karl,0.0422,119
saul,xavi,0.0422,119
pablo,sara,0.0421,119
ryan,sonia,0.0421,119
hilda,ryan,0.0421,119
darcy,omar,0.0421,119
eve,jason,0.0421,119
hana,will,0.0420,119
eva,leon,0.0420,119
jamie,june,0.0420,119
edith,gilda,0.0420,119
arlo,gia,0.0420,119
laura,ryan,0.0420,119
jeff,leon,0.0420,119
alvin,conor,0.0420,119
alex,luca,0.0420,119
brad,nell,0.0419,119
omar,reid,0.0419,119
daria,rick,0.0419,119
darcy,june,0.0418,119
rick,sara,0.0418,119
april,brian,0.0418,119
arlo,geoff,0.0417,119
hana,yara,0.0417,119
anika,darcy,0.0417,119
gia,ryan,0.0417,119
edith,sofia,0.0417,119
eve,linda,0.0416,119
jamie,rita,0.0416,119
hana,sara,0.0416,119
alton,june,0.0415,119
arlo,sofia,0.0415,119
finn,june,0.0415,119
eden,sara,0.0415,119
darcy,gilda,0.0415,119
sara,xavi,0.0415,119
sonia,tara,0.0415,119
anika,saul,0.0414,119
lloyd,maya,0.0413,119
marco,steve,0.0413,119
lars,will,0.0413,119
eve,zora,0.0413,119
hana,henry,0.0412,119
daria,rene,0.0412,119
gilda,sofia,0.0411,119
gabe,pat,0.0411,119
finn,jamie,0.0411,119
chris,pat,0.0411,119
isaac,tara,0.0411,119
alton,zara,0.0411,119
eden,tara,0.0411,119
daria,jason,0.0411,119
andre,rene,0.0411,119
karl,miles,0.0410,119
june,rita,0.0410,119
ryan,sofia,0.0410,119
henry,luca,0.0409,119
eve,jeff,0.0409,119
geoff,steve,0.0409,119
darcy,todd,0.0408,119
brad,pablo,0.0408,119
arlo,conor,0.0408,119
gwen,isaac,0.0407,119
henry,rick,0.0407,119
arlen,luca,0.0407,119
alex,hana,0.0407,119
eve,leon,0.0407,119
jamie,miles,0.0407,119
saul,todd,0.0406,119
arlen,steve,0.0406,119
geoff,isaac,0.0406,119
miles,sid,0.0405,119
eve,nina,0.0405,119
anika,eve,0.0405,119
june,vince,0.0405,119
conor,steve,0.0404,119
jason,nola,0.0404,119
arlen,isaac,0.0404,119
aron,leon,0.0404,119
alton,conor,0.0404,119
maya,tara,0.0404,119
alex,sara,0.0403,119
tara,todd,0.0403,119
gilda,lars,0.0403,119
nola,sonia,0.0403,119
anika,vince,0.0403,119
omar,sara,0.0403,119
geoff,ryan,0.0403,119
conor,isaac,0.0402,119
brian,kane,0.0402,119
finn,vince,0.0402,119
deena,miles,0.0402,119
oscar,sonia,0.0402,119
chris,nina,0.0401,119
marco,miles,0.0401,119
finn,tara,0.0401,119
adela,linda,0.0401,119
june,nina,0.0400,119
alvin,laura,0.0400,119
finn,sofia,0.0399,119
darcy,saul,0.0399,119
alton,omar,0.0399,119
aron,carlo,0.0399,119
reid,rene,0.0399,119
anika,ariel,0.0399,119
oscar,reid,0.0399,119
brad,miles,0.0398,119
darcy,henry,0.0398,119
edith,will,0.0398,119
edith,saul,0.0398,119
arlo,june,0.0397,119
darcy,gabe,0.0397,119
edith,yara,0.0397,119
alvin,hilda,0.0397,119
arlo,marco,0.0397,119
ariel,arlen,0.0397,119
alvin,arlen,0.0397,119
rita,tara,0.0396,119
pablo,tara,0.0396,119
arlen,arlo,0.0396,119
karl,pablo,0.0396,119
darcy,will,0.0396,119
sara,todd,0.0396,119
leon,will,0.0395,119
adela,isaac,0.0395,119
alvin,sofia,0.0395,119
saul,steve,0.0395,119
conor,ryan,0.0395,119
isaac,saul,0.0395,119
reid,sid,0.0395,119
gwen,steve,0.0394,119
conor,leon,0.0394,119
marco,maya,0.0394,119
chris,eve,0.0394,119
gilda,sara,0.0394,119
steve,tara,0.0394,119
ariel,gilda,0.0393,119
gabe,omar,0.0392,119
omar,vince,0.0392,119
hana,reid,0.0392,119
geoff,rene,0.0391,119
june,omar,0.0391,119
pablo,paris,0.0391,119
pablo,sid,0.0391,119
jason,miles,0.0391,119
henry,xavi,0.0391,119
conor,miles,0.0390,119
linda,maya,0.0390,119
reid,xavi,0.0390,119
eve,kane,0.0390,119
june,ryan,0.0390,119
isaac,jason,0.0390,119
nola,vince,0.0389,119
brian,will,0.0389,119
conor,june,0.0389,119
marco,ryan,0.0389,119
aron,steve,0.0388,119
andre,tara,0.0388,119
rita,vince,0.0388,119
sara,sofia,0.0387,119
gwen,miles,0.0387,119
isaac,june,0.0387,119
alvin,june,0.0387,119
rita,sofia,0.0386,119
june,steve,0.0386,119
ari,edith,0.0386,119
geoff,leon,0.0386,119
nola,tara,0.0386,119
lars,lloyd,0.0386,119
daria,marco,0.0386,119
jamie,sofia,0.0386,119
isaac,jamie,0.0385,119
deena,nina,0.0385,119
daria,paula,0.0385,119
nina,opal,0.0385,119
jason,pablo,0.0384,119
jamie,pablo,0.0384,119
brad,brian,0.0384,119
finn,saul,0.0384,119
hana,leon,0.0384,119
alex,todd,0.0384,119
gia,paula,0.0383,119
darcy,reid,0.0383,119
adela,steve,0.0383,119
gabe,zara,0.0383,119
sid,sonia,0.0383,119
daria,leon,0.0383,119
alex,darcy,0.0383,119
conor,rick,0.0383,119
sid,tara,0.0382,119
april,nina,0.0382,119
henry,tara,0.0382,119
jason,steve,0.0382,119
alex,brian,0.0382,119
arlo,gwen,0.0381,119
arlen,ryan,0.0381,119
jeff,steve,0.0381,119
arlo,jason,0.0381,119
arlen,oscar,0.0381,119
anika,sara,0.0381,119
gwen,maya,0.0381,119
lars,yara,0.0381,119
gilda,vince,0.0380,119
alton,geoff,0.0380,119
carmen,henry,0.0380,119
luca,yara,0.0380,119
carlo,chris,0.0380,119
leon,luca,0.0379,119
edith,sonia,0.0379,119
alex,lars,0.0379,119
alton,anika,0.0378,119
rene,vince,0.0378,119
alvin,marco,0.0378,119
ariel,yara,0.0378,119
conor,nina,0.0378,119
rita,saul,0.0378,119
arlo,saul,0.0378,119
anika,gabe,0.0378,119
edith,lloyd,0.0378,119
arlen,hana,0.0377,119
andre,sofia,0.0377,119
chris,leon,0.0377,119
carlo,conor,0.0377,119
anika,edith,0.0377,119
marco,pablo,0.0376,119
nell,pat,0.0376,119
june,leon,0.0376,119
alton,isaac,0.0376,119
gwen,pablo,0.0375,119
arlo,tara,0.0375,119
carlo,geoff,0.0375,119
jon,june,0.0375,119
alex,edith,0.0375,119
deena,pablo,0.0375,119
jason,ryan,0.0374,119
reid,zara,0.0374,119
finn,will,0.0374,119
eve,gwen,0.0374,119
henry,june,0.0374,119
anika,lars,0.0373,119
arlen,leon,0.0373,119
june,lars,0.0373,119
jamie,lloyd,0.0373,119
alex,damon,0.0373,119
eden,gilda,0.0373,119
anika,june,0.0372,119
lloyd,nola,0.0372,119
gia,rene,0.0372,119
eve,isaac,0.0372,119
alton,gilda,0.0372,119
arlen,nina,0.0372,119
jamie,steve,0.0372,119
ryan,saul,0.0372,119
geoff,miles,0.0372,119
daria,zara,0.0372,119
damon,will,0.0372,119
aron,isaac,0.0372,119
rita,will,0.0371,119
arlen,sid,0.0371,119
april,henry,0.0371,119
eve,paris,0.0370,119
gwen,ryan,0.0370,119
daria,gabe,0.0370,119
xavi,yara,0.0370,119
alvin,saul,0.0369,119
alex,tania,0.0369,119
steve,zora,0.0369,119
ryan,tara,0.0369,119
april,june,0.0369,119
hana,jamie,0.0369,119
paris,saul,0.0369,119
adela,miles,0.0368,119
rick,vince,0.0368,119
gabe,kane,0.0368,119
alvin,jason,0.0368,119
gilda,june,0.0368,119
alton,paris,0.0368,119
alton,sara,0.0367,119
alton,pat,0.0367,119
henry,paris,0.0367,119
darcy,jamie,0.0367,119
lloyd,sara,0.0367,119
tania,will,0.0367,119
geoff,rick,0.0366,119
alton,deena,0.0366,119
brad,steve,0.0366,119
arlo,aron,0.0366,119
deena,tara,0.0366,119
conor,pablo,0.0366,119
sofia,zara,0.0365,119
carmen,gilda,0.0365,119
ari,darcy,0.0365,119
adela,arlo,0.0365,119
brian,vince,0.0365,119
alvin,gwen,0.0364,119
isaac,jeff,0.0364,119
adela,maya,0.0364,119
daria,gwen,0.0364,119
ariel,vince,0.0364,119
opal,pablo,0.0364,119
miles,opal,0.0364,119
leon,xavi,0.0364,119
brad,isaac,0.0364,119
nina,saul,0.0364,119
andre,nola,0.0363,119
alvin,aron,0.0363,119
kane,paula,0.0363,119
daria,june,0.0363,119
rick,yara,0.0363,119
miles,pat,0.0363,119
oscar,will,0.0363,119
eve,steve,0.0362,119
alton,sid,0.0362,119
alton,steve,0.0362,119
eve,marco,0.0362,119
henry,sara,0.0362,119
darcy,daria,0.0362,119
arlo,zora,0.0361,119
arlo,eve,0.0361,119
arlo,jeff,0.0361,119
alvin,zora,0.0360,119
daria,gilda,0.0360,119
alex,oscar,0.0360,119
april,leon,0.0360,119
anika,eden,0.0360,119
andre,lloyd,0.0360,119
geoff,nina,0.0359,119
brian,karl,0.0359,119
eve,zara,0.0359,119
carlo,zora,0.0359,119
alvin,tara,0.0358,119
isaac,zora,0.0358,119
adela,pablo,0.0358,119
anika,daria,0.0358,119
paris,tara,0.0358,119
rene,zara,0.0358,119
alex,leon,0.0358,119
eden,leon,0.0357,119
finn,lloyd,0.0357,119
lloyd,rita,0.0357,119
edith,june,0.0357,119
ari,will,0.0357,119
alvin,jeff,0.0356,119
jamie,xavi,0.0356,119
nina,will,0.0356,119
conor,gabe,0.0356,119
june,zara,0.0356,119
oscar,saul,0.0356,119
arlo,jamie,0.0356,119
henry,jamie,0.0355,119
eve,ryan,0.0355,119
alex,ari,0.0355,119
adela,ryan,0.0355,119
daria,luca,0.0355,119
geoff,june,0.0354,119
jamie,ryan,0.0354,119
gabe,isaac,0.0354,119
gwen,nola,0.0354,119
darcy,finn,0.0354,119
deena,gabe,0.0353,119
kane,tara,0.0353,119
aron,ryan,0.0353,119
daria,miles,0.0352,119
alton,nola,0.0352,119
lloyd,rene,0.0351,119
conor,rene,0.0351,119
adela,eve,0.0351,119
conor,luca,0.0351,119
daria,xavi,0.0351,119
marco,nola,0.0350,119
gabe,nola,0.0350,119
adela,nola,0.0350,119
arlo,brad,0.0350,119
saul,sid,0.0350,119
karl,nina,0.0350,119
arlo,deena,0.0349,119
alton,edith,0.0349,119
alex,paula,0.0348,119
lars,sonia,0.0348,119
arlen,xavi,0.0348,119
paula,rene,0.0348,119
miles,yara,0.0348,119
arlo,kane,0.0348,119
conor,tara,0.0348,119
jeff,ryan,0.0348,119
arlen,darcy,0.0347,119
adela,alvin,0.0347,119
alton,arlo,0.0347,119
alvin,deena,0.0347,119
deena,steve,0.0347,119
jon,luca,0.0347,119
gabe,gilda,0.0347,119
gilda,opal,0.0347,119
carmen,sofia,0.0347,119
june,karl,0.0347,119
eden,sonia,0.0347,119
leon,opal,0.0347,119
alvin,eve,0.0347,119
nola,rick,0.0346,119
edith,gabe,0.0346,119
saul,zara,0.0346,119
ari,miles,0.0346,119
jamie,luca,0.0346,119
jamie,rick,0.0346,119
jon,sofia,0.0346,119
brian,jason,0.0345,119
ryan,zora,0.0345,119
brian,gwen,0.0345,119
pablo,pat,0.0345,119
gabe,paris,0.0345,119
alvin,brad,0.0345,119
geoff,gilda,0.0345,119
anika,conor,0.0345,119
alvin,kane,0.0345,119
alvin,jamie,0.0344,119
conor,gilda,0.0344,119
hilda,will,0.0344,119
nell,sofia,0.0344,119
deena,ryan,0.0344,119
sara,sonia,0.0344,119
deena,leon,0.0344,119
kane,steve,0.0344,119
kane,ryan,0.0344,119
opal,tara,0.0344,119
laura,will,0.0343,119
jamie,vince,0.0343,119
anika,todd,0.0343,119
alton,ryan,0.0343,119
darcy,vince,0.0343,119
june,tara,0.0343,119
kane,nina,0.0343,119
oscar,rick,0.0342,119
gabe,steve,0.0342,119
deena,isaac,0.0342,119
alvin,opal,0.0342,119
alton,opal,0.0342,119
geoff,pablo,0.0342,119
chris,steve,0.0342,119
eve,sara,0.0341,119
gabe,sid,0.0341,119
andre,reid,0.0341,119
carlo,jeff,0.0340,119
leon,tara,0.0340,119
alton,kane,0.0340,119
darcy,rita,0.0340,119
gilda,todd,0.0340,119
finn,sara,0.0340,119
alton,alvin,0.0339,119
alex,nina,0.0339,119
geoff,luca,0.0339,119
rita,sara,0.0339,119
nina,reid,0.0339,119
alex,laura,0.0338,119
april,rick,0.0338,119
daria,tara,0.0338,119
brad,ryan,0.0338,119
april,zara,0.0337,119
alex,hilda,0.0337,119
arlen,edith,0.0337,119
edith,reid,0.0337,119
gabe,leon,0.0337,119
darcy,paris,0.0337,119
gabe,sara,0.0336,119
arlo,gabe,0.0336,119
chris,isaac,0.0336,119
gabe,geoff,0.0336,119
opal,steve,0.0336,119
alvin,gabe,0.0336,119
nola,ryan,0.0336,119
leon,todd,0.0336,119
carmen,june,0.0335,119
eden,nina,0.0335,119
eva,isaac,0.0335,119
andre,saul,0.0335,119
alton,lars,0.0335,119
leon,saul,0.0335,119
deena,gilda,0.0335,119
eva,steve,0.0335,119
alvin,nola,0.0334,119
maya,steve,0.0334,119
isaac,kane,0.0334,119
paula,sofia,0.0333,119
isaac,opal,0.0333,119
alex,finn,0.0333,119
daria,pablo,0.0333,119
chris,gilda,0.0333,119
daria,nina,0.0333,119
henry,jason,0.0332,119
miles,zara,0.0332,119
alex,rita,0.0332,119
miles,zora,0.0332,119
gabe,ryan,0.0332,119
ari,pablo,0.0331,119
arlo,opal,0.0331,119
eden,zara,0.0331,119
adela,daria,0.0331,119
gabe,opal,0.0331,119
nola,pat,0.0331,119
ari,ariel,0.0330,119
arlo,eva,0.0330,119
karl,leon,0.0330,119
eve,jon,0.0330,119
jason,june,0.0330,119
jamie,saul,0.0330,119
anika,brad,0.0330,119
carlo,eva,0.0329,119
lloyd,oscar,0.0329,119
arlo,maya,0.0329,119
jason,nina,0.0329,119
henry,sid,0.0329,119
carmen,eve,0.0329,119
oscar,sara,0.0329,119
deena,june,0.0329,119
isaac,maya,0.0329,119
maya,nola,0.0328,119
alton,leon,0.0328,119
june,pat,0.0328,119
hana,nola,0.0327,119
alvin,eva,0.0327,119
annie,reid,0.0327,119
karl,zara,0.0327,119
chris,miles,0.0327,119
alton,zora,0.0327,119
nola,steve,0.0327,119
anika,geoff,0.0327,119
arlo,nola,0.0327,119
finn,leon,0.0327,119
eva,eve,0.0327,119
opal,rick,0.0327,119
lars,reid,0.0326,119
anika,opal,0.0326,119
arlen,lars,0.0326,119
april,paula,0.0326,119
laura,rene,0.0326,119
opal,ryan,0.0325,119
daria,linda,0.0325,119
hana,vince,0.0325,119
april,luca,0.0325,119
hana,jon,0.0325,119
geoff,tara,0.0325,119
nola,xavi,0.0325,119
brad,henry,0.0325,119
gia,nola,0.0325,119
gabe,lars,0.0325,119
brad,nola,0.0324,119
lars,oscar,0.0324,119
leon,vince,0.0324,119
pablo,yara,0.0324,119
darcy,geoff,0.0324,119
leon,reid,0.0324,119
brad,rick,0.0323,119
alvin,chris,0.0323,119
daria,jamie,0.0323,119
april,paris,0.0323,119
arlo,chris,0.0323,119
isaac,pablo,0.0323,119
alton,aron,0.0322,119
henry,karl,0.0322,119
rene,tania,0.0322,119
jeff,june,0.0322,119
ariel,paris,0.0322,119
conor,darcy,0.0321,119
leon,rick,0.0321,119
brian,marco,0.0321,119
aron,june,0.0321,119
alvin,maya,0.0321,119
kane,leon,0.0320,119
maya,ryan,0.0320,119
jamie,nola,0.0320,119
carmen,lloyd,0.0320,119
lars,vince,0.0320,119
leon,lloyd,0.0320,119
eden,nola,0.0320,119
eden,karl,0.0320,119
arlen,rene,0.0319,119
rene,sonia,0.0319,119
karl,sid,0.0319,119
luca,nola,0.0319,119
april,ariel,0.0319,119
luca,vince,0.0318,119
anika,jamie,0.0318,119
alton,jeff,0.0318,119
daria,hana,0.0318,119
ari,lloyd,0.0318,119
jason,leon,0.0317,119
paula,vince,0.0317,119
jamie,paris,0.0317,119
carlo,opal,0.0317,119
ariel,tara,0.0317,119
anika,carmen,0.0317,119
gabe,zora,0.0317,119
adela,brian,0.0317,119
luca,oscar,0.0316,119
oscar,sofia,0.0316,119
leon,rita,0.0316,119
vince,xavi,0.0316,119
ari,sara,0.0315,119
nina,todd,0.0315,119
isaac,nola,0.0315,119
eva,ryan,0.0315,119
chris,pablo,0.0315,119
arlen,sara,0.0315,119
nina,rick,0.0315,119
nina,vince,0.0314,119
anika,deena,0.0314,119
sonia,todd,0.0314,119
hilda,rene,0.0314,119
eden,reid,0.0314,119
jeff,jon,0.0314,119
ari,lars,0.0314,119
nina,tara,0.0313,119
aron,rene,0.0313,119
henry,marco,0.0313,119
luca,nina,0.0313,119
anika,chris,0.0312,119
lars,paris,0.0312,119
sonia,yara,0.0312,119
arlen,eden,0.0312,119
marco,sid,0.0312,119
pablo,zara,0.0311,119
april,sid,0.0311,119
aron,rick,0.0311,119
ariel,jamie,0.0311,119
eve,sid,0.0311,119
daria,sara,0.0311,119
jon,xavi,0.0310,119
jamie,lars,0.0310,119
isaac,pat,0.0310,119
todd,zara,0.0310,119
april,nell,0.0310,119
alvin,paula,0.0310,119
nina,sonia,0.0310,119
april,rene,0.0310,119
gwen,henry,0.0309,119
eden,jon,0.0309,119
edith,vince,0.0309,119
ariel,oscar,0.0309,119
june,opal,0.0309,119
edith,jamie,0.0309,119
ari,omar,0.0308,119
edith,oscar,0.0308,119
anika,zora,0.0308,119
gwen,sid,0.0308,119
brad,gilda,0.0307,119
reid,sara,0.0307,119
aron,jon,0.0307,119
anika,ari,0.0307,119
hana,oscar,0.0307,119
chris,ryan,0.0307,119
henry,zara,0.0306,119
nola,sara,0.0306,119
oscar,xavi,0.0306,119
miles,nola,0.0306,119
karl,todd,0.0306,119
jon,zora,0.0305,119
conor,paris,0.0305,119
eve,oscar,0.0305,119
leon,sonia,0.0305,119
deena,nell,0.0305,119
brad,june,0.0305,119
daria,gia,0.0305,119
gia,tara,0.0305,119
eden,sid,0.0304,119
nell,reid,0.0304,119
jeff,miles,0.0304,119
pablo,steve,0.0304,119
rick,zora,0.0303,119
jamie,omar,0.0303,119
eden,jason,0.0303,119
gilda,jeff,0.0303,119
jamie,leon,0.0303,119
carmen,will,0.0303,119
alton,chris,0.0302,119
pat,steve,0.0302,119
carmen,sonia,0.0302,119
sid,todd,0.0302,119
lloyd,nina,0.0302,119
gabe,jeff,0.0302,119
deena,rick,0.0302,119
jamie,sid,0.0302,119
ari,henry,0.0302,119
sara,saul,0.0302,119
pat,rick,0.0301,119
opal,rene,0.0301,119
paris,rick,0.0301,119
linda,rick,0.0301,119
oscar,vince,0.0301,119
paris,zara,0.0300,119
gilda,zora,0.0300,119
andre,pat,0.0300,119
damon,rene,0.0300,119
april,hana,0.0300,119
darcy,tara,0.0299,119
anika,paris,0.0299,119
april,gilda,0.0299,119
gwen,june,0.0299,119
annie,zora,0.0299,119
alton,carmen,0.0299,119
eden,oscar,0.0299,119
jason,zara,0.0299,119
anika,april,0.0299,119
jamie,sara,0.0299,119
henry,pat,0.0299,119
andre,june,0.0298,119
gabe,nina,0.0298,119
finn,nina,0.0298,119
eva,pat,0.0298,119
june,maya,0.0298,119
nola,zara,0.0298,119
april,eden,0.0298,119
june,zora,0.0298,119
eva,jon,0.0298,119
nola,todd,0.0297,119
ariel,sid,0.0297,119
aron,gabe,0.0297,119
alvin,brian,0.0297,119
linda,rene,0.0297,119
edith,paris,0.0297,119
pablo,zora,0.0297,119
paula,steve,0.0296,119
adela,sid,0.0296,119
rene,zora,0.0296,119
darcy,oscar,0.0296,119
nina,xavi,0.0296,119
deena,paris,0.0296,119
arlen,yara,0.0296,119
reid,todd,0.0296,119
eve,nell,0.0295,119
aron,miles,0.0295,119
adela,henry,0.0295,119
leon,maya,0.0295,119
annie,arlen,0.0295,119
anika,linda,0.0295,119
alton,nina,0.0295,119
aron,gilda,0.0294,119
andre,jamie,0.0294,119
jon,todd,0.0294,119
ari,gilda,0.0294,119
eva,miles,0.0294,119
arlo,pablo,0.0294,119
anika,steve,0.0294,119
gwen,zara,0.0293,119
brad,paula,0.0293,119
june,marco,0.0293,119
april,xavi,0.0293,119
marco,zara,0.0293,119
finn,gilda,0.0293,119
gwen,nina,0.0293,119
arlo,brian,0.0292,119
lars,tara,0.0292,119
tara,zora,0.0292,119
daria,henry,0.0292,119
arlo,pat,0.0291,119
linda,xavi,0.0291,119
karl,rene,0.0291,119
eden,marco,0.0291,119
conor,jon,0.0291,119
anika,finn,0.0291,119
karl,luca,0.0291,119
jason,luca,0.0291,119
gilda,linda,0.0291,119
conor,omar,0.0290,119
jeff,rene,0.0290,119
jeff,rick,0.0290,119
conor,hana,0.0289,119
karl,rick,0.0289,119
paula,will,0.0289,119
nola,rene,0.0289,119
hana,nina,0.0289,119
pablo,ryan,0.0289,119
conor,nell,0.0289,119
linda,steve,0.0289,119
gilda,rita,0.0289,119
andre,nell,0.0289,119
finn,jon,0.0289,119
brad,nina,0.0289,119
eden,pat,0.0289,119
rita,sid,0.0288,119
jason,todd,0.0288,119
april,todd,0.0288,119
chris,june,0.0288,119
alton,oscar,0.0288,119
jason,rick,0.0288,119
gabe,maya,0.0288,119
deena,henry,0.0288,119
karl,paula,0.0288,119
kane,luca,0.0287,119
eden,paris,0.0287,119
arlen,zara,0.0287,119
alvin,pablo,0.0287,119
darcy,nola,0.0287,119
pat,ryan,0.0287,119
alvin,anika,0.0286,119
brian,nola,0.0286,119
karl,paris,0.0286,119
arlo,paula,0.0286,119
april,jon,0.0286,119
brad,omar,0.0286,119
jeff,pablo,0.0286,119
april,omar,0.0286,119
conor,henry,0.0286,119
paula,ryan,0.0286,119
nola,pablo,0.0285,119
finn,sid,0.0285,119
gilda,jamie,0.0285,119
gwen,leon,0.0285,119
rick,tara,0.0285,119
marco,todd,0.0285,119
lars,sid,0.0285,119
brian,steve,0.0285,119
darcy,leon,0.0284,119
june,rene,0.0284,119
maya,zara,0.0284,119
adela,zara,0.0284,119
anika,arlo,0.0284,119
gilda,paris,0.0284,119
sid,zara,0.0284,119
adela,nina,0.0284,119
nina,rita,0.0284,119
edith,tara,0.0284,119
ariel,leon,0.0283,119
andre,darcy,0.0283,119
isaac,paula,0.0283,119
aron,tara,0.0283,119
miles,nina,0.0283,119
daria,pat,0.0283,119
anika,isaac,0.0283,119
lloyd,nell,0.0282,119
eve,rene,0.0282,119
andre,leon,0.0282,119
nell,opal,0.0282,119
brian,lloyd,0.0282,119
rita,zara,0.0282,119
carmen,saul,0.0282,119
geoff,nell,0.0282,119
chris,rene,0.0282,119
omar,paris,0.0282,119
anika,leon,0.0282,119
aron,pablo,0.0281,119
adela,june,0.0281,119
andre,geoff,0.0281,119
leon,pablo,0.0281,119
alvin,pat,0.0281,119
isaac,miles,0.0281,119
chris,rick,0.0281,119
jon,rita,0.0281,119
daria,eden,0.0281,119
anika,rita,0.0280,119
geoff,jon,0.0280,119
marco,nina,0.0280,119
leon,sara,0.0280,119
gabe,oscar,0.0280,119
deena,rene,0.0280,119
brian,gia,0.0280,119
arlen,carmen,0.0280,119
andre,sonia,0.0279,119
marco,paris,0.0279,119
opal,paris,0.0279,119
sonia,zara,0.0279,119
arlen,todd,0.0279,119
chris,paris,0.0279,119
anika,nola,0.0279,119
jamie,nina,0.0279,119
rene,sofia,0.0279,119
annie,aron,0.0279,119
april,darcy,0.0279,119
geoff,hana,0.0279,119
omar,yara,0.0278,119
geoff,paris,0.0278,119
anika,jeff,0.0278,119
chris,gabe,0.0278,119
omar,tara,0.0278,119
ari,vince,0.0278,119
leon,marco,0.0278,119
finn,nola,0.0277,119
daria,maya,0.0277,119
eden,gwen,0.0277,119
isaac,linda,0.0277,119
ariel,karl,0.0277,119
ari,rick,0.0277,119
andre,conor,0.0277,119
andre,miles,0.0277,119
jon,rick,0.0277,119
alton,eva,0.0276,119
brian,ryan,0.0276,119
brad,luca,0.0276,119
lloyd,paula,0.0276,119
anika,ryan,0.0275,119
oscar,todd,0.0275,119
paris,todd,0.0275,119
carmen,gabe,0.0275,119
henry,opal,0.0275,119
andre,daria,0.0275,119
luca,opal,0.0275,119
alvin,luca,0.0275,119
annie,opal,0.0274,119
gilda,tara,0.0274,119
hana,jason,0.0274,119
sara,vince,0.0274,119
pat,todd,0.0274,119
annie,jeff,0.0274,119
jeff,tara,0.0274,119
finn,zara,0.0274,119
ari,eve,0.0274,119
jon,will,0.0273,119
gwen,paris,0.0273,119
henry,nola,0.0273,119
linda,luca,0.0273,119
carlo,reid,0.0273,119
daria,paris,0.0273,119
darcy,yara,0.0273,119
chris,jon,0.0272,119
gwen,todd,0.0272,119
reid,yara,0.0272,119
kane,rene,0.0272,119
nina,ryan,0.0272,119
luca,pat,0.0272,119
ari,gabe,0.0271,119
brad,zara,0.0271,119
geoff,omar,0.0271,119
paris,zora,0.0271,119
brian,maya,0.0271,119
kane,rick,0.0271,119
brian,isaac,0.0271,119
miles,steve,0.0271,119
linda,ryan,0.0271,119
ari,eden,0.0270,119
linda,nola,0.0270,119
annie,deena,0.0270,119
nola,rita,0.0270,119
nina,pablo,0.0270,119
alvin,linda,0.0270,119
luca,steve,0.0270,119
alvin,nina,0.0270,119
pat,zara,0.0270,119
hana,linda,0.0270,119
deena,omar,0.0269,119
alvin,darcy,0.0269,119
arlo,luca,0.0269,119
anika,aron,0.0269,119
arlo,miles,0.0269,119
finn,karl,0.0269,119
ari,sofia,0.0269,119
eden,yara,0.0269,119
rick,steve,0.0269,119
alton,maya,0.0269,119
darcy,ryan,0.0269,119
andre,gia,0.0269,119
darcy,isaac,0.0269,119
alex,carmen,0.0268,119
annie,geoff,0.0268,119
leon,ryan,0.0268,119
geoff,henry,0.0268,119
nina,pat,0.0268,119
henry,yara,0.0268,119
ariel,conor,0.0267,119
arlo,darcy,0.0267,119
jamie,pat,0.0267,119
alvin,rick,0.0267,119
luca,ryan,0.0267,119
june,linda,0.0267,119
chris,tara,0.0267,119
rick,ryan,0.0267,119
leon,miles,0.0267,119
tara,xavi,0.0267,119
darcy,steve,0.0267,119
hana,karl,0.0266,119
adela,eden,0.0266,119
alvin,leon,0.0266,119
arlo,linda,0.0266,119
carmen,oscar,0.0266,119
darcy,jon,0.0265,119
arlo,rick,0.0265,119
jon,saul,0.0265,119
lloyd,tania,0.0265,119
eva,june,0.0265,119
henry,leon,0.0265,119
anika,rene,0.0265,119
hilda,lloyd,0.0265,119
andre,pablo,0.0265,119
karl,rita,0.0264,119
adela,paris,0.0264,119
finn,sonia,0.0264,119
jason,sid,0.0264,119
arlo,nina,0.0264,119
finn,yara,0.0264,119
adela,todd,0.0264,119
anika,nina,0.0264,119
brad,paris,0.0263,119
rita,yara,0.0263,119
ari,sonia,0.0263,119
adela,leon,0.0263,119
eva,rene,0.0263,119
darcy,deena,0.0263,119
hana,paris,0.0263,119
edith,sid,0.0263,119
damon,lloyd,0.0263,119
brad,darcy,0.0262,119
eva,pablo,0.0262,119
aron,luca,0.0262,119
alvin,miles,0.0262,119
arlo,leon,0.0261,119
deena,luca,0.0261,119
chris,henry,0.0261,119
andre,opal,0.0261,119
isaac,luca,0.0261,119
leon,zara,0.0261,119
gilda,nina,0.0261,119
brad,eden,0.0261,119
todd,yara,0.0261,119
nina,steve,0.0261,119
leon,pat,0.0261,119
andre,april,0.0261,119
jamie,reid,0.0261,119
rita,sonia,0.0260,119
brad,sid,0.0260,119
leon,steve,0.0260,119
paris,pat,0.0260,119
ariel,jason,0.0260,119
daria,omar,0.0260,119
gilda,nola,0.0260,119
brad,xavi,0.0260,119
damon,vince,0.0260,119
omar,sid,0.0260,119
anika,yara,0.0259,119
omar,opal,0.0259,119
isaac,rick,0.0259,119
damon,tara,0.0259,119
laura,lloyd,0.0259,119
april,finn,0.0259,119
tania,vince,0.0259,119
miles,ryan,0.0259,119
luca,tara,0.0259,119
carmen,reid,0.0259,119
ariel,nola,0.0259,119
damon,zara,0.0259,119
linda,tara,0.0259,119
annie,conor,0.0258,119
conor,sara,0.0258,119
conor,xavi,0.0258,119
darcy,sid,0.0258,119
darcy,pat,0.0258,119
isaac,leon,0.0257,119
arlen,jon,0.0257,119
carlo,deena,0.0257,119
anika,sid,0.0257,119
ariel,deena,0.0257,119
luca,zara,0.0257,119
ariel,geoff,0.0256,119
andre,paris,0.0256,119
andre,deena,0.0256,119
finn,reid,0.0256,119
jon,karl,0.0256,119
darcy,opal,0.0256,119
sara,yara,0.0256,119
jamie,jon,0.0256,119
june,oscar,0.0256,119
alvin,xavi,0.0256,119
leon,omar,0.0255,119
finn,jason,0.0255,119
ari,hana,0.0255,119
jon,tara,0.0255,119
finn,pat,0.0255,119
oscar,paris,0.0255,119
paris,rita,0.0255,119
jon,pablo,0.0255,119
april,rita,0.0255,119
finn,marco,0.0255,119
rene,saul,0.0255,119
andre,nina,0.0255,119
isaac,nina,0.0254,119
kane,miles,0.0254,119
alvin,hana,0.0254,119
xavi,zara,0.0254,119
hana,steve,0.0253,119
annie,brian,0.0253,119
andre,anika,0.0253,119
henry,nina,0.0253,119
reid,rita,0.0253,119
paris,xavi,0.0253,119
carlo,gia,0.0252,119
kane,pablo,0.0252,119
jason,rene,0.0252,119
saul,yara,0.0252,119
maya,rene,0.0252,119
anika,zara,0.0252,119
eden,isaac,0.0252,119
ariel,brad,0.0251,119
gabe,linda,0.0251,119
june,paris,0.0251,119
hana,ryan,0.0251,119
maya,paris,0.0251,119
deena,xavi,0.0251,119
finn,paris,0.0251,119
deena,jon,0.0251,119
april,edith,0.0251,119
carmen,vince,0.0251,119
arlo,hana,0.0250,119
gilda,steve,0.0250,119
alton,andre,0.0250,119
hana,tara,0.0250,119
pat,rita,0.0250,119
alvin,gilda,0.0250,119
gia,nina,0.0250,119
linda,miles,0.0250,119
tania,zara,0.0249,119
paris,sara,0.0249,119
alton,ari,0.0249,119
anika,tara,0.0249,119
jon,reid,0.0249,119
gilda,pat,0.0249,119
jamie,maya,0.0249,119
nina,sara,0.0249,119
gilda,yara,0.0249,119
ari,carmen,0.0249,119
carlo,sonia,0.0248,119
alex,jon,0.0248,119
andre,arlen,0.0248,119
tania,tara,0.0248,119
geoff,sara,0.0248,119
marco,rita,0.0248,119
finn,gwen,0.0248,119
brad,leon,0.0248,119
henry,zora,0.0248,119
arlo,xavi,0.0248,119
eva,gabe,0.0248,119
ariel,marco,0.0248,119
jason,xavi,0.0247,119
andre,karl,0.0247,119
aron,paris,0.0247,119
jason,rita,0.0247,119
luca,paris,0.0247,119
gilda,kane,0.0247,119
arlo,gilda,0.0247,119
ariel,pat,0.0247,119
isaac,nell,0.0247,119
april,jamie,0.0247,119
darcy,karl,0.0247,119
june,sid,0.0247,119
arlen,carlo,0.0247,119
jason,jon,0.0247,119
brad,oscar,0.0247,119
eva,gilda,0.0246,119
karl,omar,0.0246,119
ryan,xavi,0.0246,119
ari,todd,0.0246,119
jason,paris,0.0246,119
edith,leon,0.0246,119
ari,june,0.0246,119
jon,omar,0.0246,119
damon,lars,0.0245,119
ariel,daria,0.0245,119
daria,todd,0.0245,119
maya,nina,0.0245,119
ariel,nina,0.0245,119
omar,zora,0.0245,119
geoff,xavi,0.0245,119
carmen,jamie,0.0245,119
ari,jamie,0.0245,119
jamie,rene,0.0245,119
hana,isaac,0.0245,119
ariel,jon,0.0244,119
brad,rene,0.0244,119
jon,opal,0.0244,119
ariel,opal,0.0244,119
luca,marco,0.0244,119
anika,eva,0.0244,119
jon,sara,0.0244,119
annie,sonia,0.0244,119
anika,pat,0.0244,119
isaac,paris,0.0243,119
gwen,rita,0.0243,119
annie,chris,0.0243,119
eva,henry,0.0243,119
ari,arlen,0.0243,119
hana,pat,0.0243,119
karl,nell,0.0243,119
maya,miles,0.0243,119
gilda,ryan,0.0243,119
jeff,paris,0.0243,119
brian,rene,0.0243,119
eden,steve,0.0242,119
darcy,zara,0.0242,119
ariel,gwen,0.0242,119
henry,steve,0.0242,119
ari,luca,0.0242,119
gilda,isaac,0.0242,119
steve,xavi,0.0242,119
lars,tania,0.0242,119
darcy,jason,0.0242,119
ari,reid,0.0242,119
jamie,karl,0.0242,119
carlo,daria,0.0241,119
andre,henry,0.0241,119
chris,omar,0.0241,119
sofia,tania,0.0241,119
gilda,leon,0.0241,119
damon,sofia,0.0241,119
deena,sid,0.0241,119
andre,gabe,0.0241,119
hilda,lars,0.0241,119
darcy,linda,0.0240,119
andre,luca,0.0240,119
isaac,todd,0.0240,119
henry,isaac,0.0240,119
andre,sara,0.0240,119
alton,linda,0.0240,119
arlen,nell,0.0240,119
nell,steve,0.0240,119
gilda,jason,0.0240,119
nell,tara,0.0239,119
april,oscar,0.0239,119
alton,rene,0.0239,119
marco,paula,0.0239,119
anika,jon,0.0238,119
carmen,paris,0.0238,119
jon,lloyd,0.0238,119
gabe,rene,0.0238,119
alton,jon,0.0238,119
arlen,finn,0.0237,119
nell,vince,0.0237,119
pat,sid,0.0237,119
paris,steve,0.0237,119
chris,sid,0.0237,119
sara,zara,0.0237,119
lars,laura,0.0237,119
nell,ryan,0.0237,119
april,lars,0.0237,119
jamie,sonia,0.0237,119
conor,edith,0.0237,119
arlo,henry,0.0237,119
aron,hana,0.0237,119
arlo,eden,0.0237,119
henry,jeff,0.0237,119
darcy,tania,0.0237,119
darcy,nina,0.0237,119
marco,nell,0.0236,119
deena,zara,0.0236,119
eva,tara,0.0236,119
darcy,laura,0.0236,119
finn,oscar,0.0236,119
arlo,nell,0.0236,119
jason,omar,0.0236,119
daria,oscar,0.0236,119
gilda,karl,0.0236,119
eva,rick,0.0235,119
henry,jon,0.0235,119
jon,kane,0.0235,119
brad,hana,0.0235,119
sara,tara,0.0235,119
andre,gilda,0.0235,119
darcy,hilda,0.0235,119
gwen,nell,0.0235,119
darcy,maya,0.0234,119
alton,gia,0.0234,119
jon,sonia,0.0234,119
adela,finn,0.0234,119
june,kane,0.0234,119
linda,pablo,0.0234,119
ari,paris,0.0234,119
nell,nola,0.0233,119
nina,zara,0.0233,119
karl,xavi,0.0233,119
andre,rick,0.0233,119
hilda,vince,0.0233,119
alvin,eden,0.0233,119
deena,hana,0.0233,119
conor,oscar,0.0233,119
deena,oscar,0.0233,119
jon,miles,0.0233,119
gia,rick,0.0233,119
anika,karl,0.0233,119
jeff,luca,0.0233,119
eden,ryan,0.0232,119
brad,todd,0.0232,119
arlen,rita,0.0232,119
paris,ryan,0.0232,119
jeff,omar,0.0232,119
carmen,sid,0.0232,119
marco,rene,0.0232,119
chris,darcy,0.0232,119
luca,zora,0.0232,119
chris,oscar,0.0232,119
oscar,yara,0.0232,119
gwen,luca,0.0231,119
damon,darcy,0.0231,119
laura,vince,0.0231,119
isaac,sid,0.0231,119
hana,zara,0.0231,119
anika,jason,0.0231,119
alvin,henry,0.0231,119
gilda,zara,0.0231,119
arlo,paris,0.0231,119
henry,ryan,0.0231,119
ari,xavi,0.0230,119
henry,maya,0.0230,119
annie,eva,0.0230,119
marco,rick,0.0230,119
edith,pat,0.0230,119
aron,xavi,0.0229,119
nola,paris,0.0229,119
gabe,jon,0.0229,119
isaac,xavi,0.0229,119
steve,todd,0.0229,119
oscar,zora,0.0229,119
jason,nell,0.0229,119
hana,kane,0.0228,119
hana,rene,0.0228,119
ariel,chris,0.0228,119
lars,nola,0.0228,119
rick,sid,0.0228,119
omar,zara,0.0228,119
will,yara,0.0228,119
sofia,yara,0.0228,119
hilda,zara,0.0227,119
adela,rita,0.0227,119
opal,xavi,0.0227,119
conor,zara,0.0227,119
ariel,zara,0.0227,119
maya,pablo,0.0227,119
hana,opal,0.0227,119
andre,paula,0.0227,119
hilda,tara,0.0227,119
adela,paula,0.0227,119
edith,karl,0.0227,119
nell,will,0.0227,118
rene,rick,0.0226,119
leon,rene,0.0226,119
gwen,rick,0.0226,119
edith,jason,0.0226,119
oscar,rita,0.0226,119
andre,chris,0.0226,119
ari,saul,0.0226,119
brad,lars,0.0226,119
alvin,nell,0.0226,119
conor,sid,0.0225,119
brian,nina,0.0225,119
gwen,paula,0.0225,119
gilda,jon,0.0225,119
laura,zara,0.0225,119
edith,nola,0.0225,119
isaac,omar,0.0224,119
conor,lars,0.0224,119
adela,ariel,0.0224,119
jon,vince,0.0224,119
luca,rene,0.0224,119
damon,jamie,0.0224,119
aron,henry,0.0224,119
eva,paris,0.0224,119
laura,tara,0.0223,119
alvin,paris,0.0223,119
geoff,zara,0.0223,119
gia,xavi,0.0223,119
marco,omar,0.0223,119
darcy,zora,0.0223,119
nell,zora,0.0223,119
april,sara,0.0223,119
karl,lars,0.0223,119
opal,zara,0.0223,119
edith,nina,0.0223,119
ari,finn,0.0223,119
ari,nola,0.0222,119
hana,marco,0.0222,119
pat,xavi,0.0222,119
sid,steve,0.0222,119
nell,sonia,0.0222,119
ariel,zora,0.0222,119
lars,nina,0.0222,119
aron,omar,0.0222,119
lars,pat,0.0222,119
anika,gia,0.0222,119
hana,sid,0.0221,119
eve,tania,0.0221,119
lars,leon,0.0221,119
chris,luca,0.0221,119
damon,eve,0.0221,119
linda,oscar,0.0221,119
gilda,marco,0.0221,119
jason,paula,0.0221,119
nina,omar,0.0221,119
jeff,oscar,0.0220,119
andre,jason,0.0220,119
opal,oscar,0.0220,119
adela,luca,0.0220,119
linda,nell,0.0220,119
rick,zara,0.0220,119
gwen,jamie,0.0220,119
ariel,aron,0.0220,119
eve,laura,0.0219,119
ariel,jeff,0.0219,119
adela,jamie,0.0219,119
rene,tara,0.0219,119
kane,paris,0.0219,119
arlo,todd,0.0219,119
darcy,rene,0.0219,119
opal,sid,0.0219,119
gwen,jon,0.0219,119
jeff,nell,0.0219,119
aron,nell,0.0219,119
sara,steve,0.0219,119
jeff,sid,0.0218,119
brad,finn,0.0218,119
pat,sara,0.0218,119
gia,hana,0.0217,119
damon,sara,0.0217,119
alex,yara,0.0217,119
edith,jon,0.0217,119
damon,reid,0.0217,119
sid,zora,0.0217,119
ryan,sara,0.0217,119
ari,rita,0.0217,119
edith,geoff,0.0217,119
gwen,rene,0.0217,119
jamie,marco,0.0217,119
arlo,sara,0.0217,119
rene,xavi,0.0217,119
gilda,gwen,0.0216,119
nola,omar,0.0216,119
conor,eden,0.0216,119
alvin,todd,0.0216,119
daria,jon,0.0216,119
omar,steve,0.0216,119
sara,zora,0.0216,119
geoff,oscar,0.0216,119
gabe,gia,0.0216,119
andre,zora,0.0216,119
gia,gilda,0.0216,119
gia,zara,0.0216,119
gilda,sid,0.0215,119
gilda,rene,0.0215,119
eve,hilda,0.0215,119
andre,marco,0.0215,119
gia,tania,0.0215,119
adela,nell,0.0215,119
edith,gwen,0.0214,119
anika,brian,0.0214,119
laura,sofia,0.0214,119
laura,maya,0.0214,119
gwen,omar,0.0214,119
ryan,todd,0.0214,119
jon,marco,0.0214,119
edith,marco,0.0214,119
anika,gwen,0.0214,119
maya,tania,0.0214,119
hilda,sofia,0.0214,119
isaac,sara,0.0214,119
jamie,jason,0.0213,119
nina,rene,0.0213,119
gwen,hana,0.0213,119
brad,jon,0.0213,119
june,yara,0.0213,119
darcy,marco,0.0213,119
andre,kane,0.0212,119
oscar,zara,0.0212,119
reid,tania,0.0212,119
daria,sid,0.0212,119
karl,sara,0.0212,119
jamie,oscar,0.0212,119
andre,brad,0.0212,119
adela,rick,0.0212,119
ari,leon,0.0212,119
chris,sara,0.0212,119
gia,luca,0.0211,119
henry,kane,0.0211,119
andre,aron,0.0211,119
brian,leon,0.0211,119
ari,tara,0.0211,119
kane,zara,0.0210,119
alvin,sara,0.0210,119
brian,saul,0.0210,119
oscar,tara,0.0210,119
alex,nell,0.0210,118
hilda,maya,0.0210,119
aron,sara,0.0210,119
sara,sid,0.0209,119
andre,jeff,0.0209,119
brad,rita,0.0209,119
alvin,jon,0.0209,119
arlo,sid,0.0209,119
aron,oscar,0.0209,119
adela,hana,0.0209,119
andre,sid,0.0208,119
adela,jon,0.0208,119
xavi,zora,0.0208,119
conor,jamie,0.0208,119
hana,jeff,0.0208,119
omar,pat,0.0208,119
eve,yara,0.0208,119
sara,tania,0.0208,119
ariel,damon,0.0208,119
aron,darcy,0.0207,119
andre,omar,0.0207,119
damon,maya,0.0207,119
arlen,jamie,0.0207,119
gwen,lars,0.0207,119
adela,omar,0.0207,119
hilda,sara,0.0207,119
aron,sid,0.0207,119
linda,nina,0.0207,119
ryan,sid,0.0206,119
paula,rick,0.0206,119
jason,lars,0.0206,119
ariel,hilda,0.0206,119
lloyd,yara,0.0206,119
andre,ariel,0.0206,119
laura,sara,0.0206,119
henry,linda,0.0206,119
ari,nina,0.0205,119
damon,gia,0.0205,119
nola,oscar,0.0205,119
darcy,jeff,0.0205,119
andre,eden,0.0205,119
adela,gilda,0.0205,119
adela,rene,0.0205,119
darcy,kane,0.0205,119
jon,pat,0.0204,119
geoff,lars,0.0204,119
linda,sara,0.0204,119
eve,paula,0.0204,119
jamie,tania,0.0204,119
annie,sofia,0.0204,119
daria,edith,0.0204,119
ari,oscar,0.0204,119
anika,kane,0.0204,119
linda,paris,0.0203,119
jon,ryan,0.0203,119
ariel,linda,0.0203,119
finn,isaac,0.0203,119
deena,eden,0.0203,119
ariel,laura,0.0203,119
arlo,jon,0.0203,119
maya,sid,0.0203,119
sid,xavi,0.0203,119
april,carmen,0.0203,119
anika,marco,0.0203,119
darcy,gwen,0.0202,119
arlen,tania,0.0202,119
geoff,sid,0.0202,119
carmen,tara,0.0202,119
marco,xavi,0.0202,119
adela,edith,0.0202,119
eden,geoff,0.0202,119
gia,pablo,0.0202,119
ariel,tania,0.0202,119
andre,tania,0.0201,119
arlen,damon,0.0201,119
deena,edith,0.0201,119
vince,yara,0.0201,119
arlo,omar,0.0201,119
gia,leon,0.0201,119
opal,sara,0.0201,119
omar,ryan,0.0201,119
hana,zora,0.0201,119
jon,steve,0.0201,119
daria,lars,0.0200,119
eva,omar,0.0200,119
chris,xavi,0.0199,119
darcy,eva,0.0199,119
adela,lars,0.0199,119
jon,lars,0.0199,119
nina,oscar,0.0199,119
isaac,jon,0.0199,119
gia,laura,0.0199,119
brad,edith,0.0199,119
lars,marco,0.0198,119
adela,darcy,0.0198,119
gia,miles,0.0198,119
anika,maya,0.0198,119
gia,june,0.0198,119
andre,hana,0.0198,119
geoff,jamie,0.0197,119
chris,nell,0.0197,119
alvin,omar,0.0197,119
alvin,sid,0.0197,119
edith,isaac,0.0197,119
chris,hana,0.0197,119
ari,sid,0.0196,119
eden,kane,0.0196,119
jeff,sara,0.0196,119
gwen,xavi,0.0196,119
gia,hilda,0.0196,119
kane,omar,0.0196,119
isaac,rita,0.0195,119
kane,xavi,0.0195,119
leon,paris,0.0195,119
andre,eva,0.0195,119
andre,damon,0.0195,119
pat,rene,0.0195,119
jeff,xavi,0.0195,119
ariel,isaac,0.0195,119
pablo,rene,0.0195,119
ariel,kane,0.0194,119
nola,sid,0.0194,119
edith,opal,0.0194,119
gia,henry,0.0194,119
finn,steve,0.0194,119
chris,lars,0.0194,119
brad,sara,0.0194,119
andre,gwen,0.0193,119
jamie,laura,0.0193,119
nina,paris,0.0193,119
andre,edith,0.0193,119
edith,zara,0.0193,119
edith,maya,0.0193,119
brad,damon,0.0193,119
damon,karl,0.0193,119
eva,sid,0.0193,119
ari,zara,0.0193,119
carlo,kane,0.0193,118
luca,sid,0.0193,119
hilda,jamie,0.0193,119
adela,anika,0.0192,119
karl,oscar,0.0192,119
edith,steve,0.0192,119
karl,tania,0.0192,119
nell,paula,0.0192,118
eden,maya,0.0192,119
ari,isaac,0.0191,119
gilda,maya,0.0191,119
andre,xavi,0.0191,119
andre,laura,0.0191,119
lars,zora,0.0191,119
damon,nola,0.0191,119
conor,todd,0.0191,119
oscar,sid,0.0191,119
ari,daria,0.0191,119
ariel,maya,0.0191,119
linda,omar,0.0191,119
carmen,leon,0.0191,119
brad,carmen,0.0191,119
alton,yara,0.0190,119
andre,jon,0.0190,119
hilda,reid,0.0190,119
laura,reid,0.0190,119
adela,xavi,0.0190,119
lars,maya,0.0190,119
damon,edith,0.0190,119
damon,june,0.0189,119
nola,tania,0.0189,119
june,tania,0.0189,119
gia,paris,0.0189,119
lars,opal,0.0189,119
ari,steve,0.0189,119
june,laura,0.0188,119
eva,sara,0.0188,119
edith,tania,0.0188,119
eden,opal,0.0188,119
edith,hilda,0.0188,119
brad,tania,0.0188,119
april,damon,0.0188,119
maya,xavi,0.0188,119
edith,laura,0.0188,119
leon,linda,0.0188,119
eva,luca,0.0188,119
jon,zara,0.0187,119
edith,ryan,0.0187,119
andre,lars,0.0187,119
annie,kane,0.0187,119
edith,zora,0.0187,119
rita,steve,0.0187,119
daria,nell,0.0187,119
nell,rene,0.0187,119
annie,vince,0.0187,119
hilda,june,0.0187,119
andre,hilda,0.0187,119
arlo,edith,0.0187,119
deena,lars,0.0186,119
alvin,edith,0.0186,119
jason,oscar,0.0186,119
april,tania,0.0186,119
lars,zara,0.0186,119
linda,zara,0.0186,119
leon,nell,0.0185,119
carmen,jon,0.0185,119
ari,arlo,0.0185,119
ariel,steve,0.0185,119
eva,oscar,0.0185,119
andre,oscar,0.0185,119
oscar,pat,0.0185,119
ariel,arlo,0.0185,119
deena,sara,0.0185,119
miles,rene,0.0184,119
arlo,finn,0.0184,119
jason,sara,0.0184,119
alvin,ari,0.0184,119
hilda,nola,0.0183,119
daria,rita,0.0183,119
adela,andre,0.0183,119
daria,finn,0.0183,119
ari,ryan,0.0183,119
adela,damon,0.0183,119
carlo,sofia,0.0182,119
maya,omar,0.0182,119
arlen,laura,0.0181,119
ari,jon,0.0181,119
ariel,eva,0.0181,119
jeff,zara,0.0181,119
arlen,hilda,0.0181,119
jon,maya,0.0181,119
ariel,ryan,0.0181,119
isaac,lars,0.0181,119
carlo,rene,0.0181,119
saul,tania,0.0181,119
damon,marco,0.0180,119
marco,tania,0.0180,119
jeff,lars,0.0180,119
finn,ryan,0.0180,119
jon,rene,0.0180,119
paris,yara,0.0180,119
alvin,finn,0.0179,119
hilda,saul,0.0179,119
arlo,oscar,0.0179,119
eva,hana,0.0179,119
andre,todd,0.0179,119
alvin,oscar,0.0179,119
edith,jeff,0.0179,119
laura,saul,0.0179,119
marco,sara,0.0178,119
oscar,ryan,0.0178,119
aron,zara,0.0178,119
deena,todd,0.0178,119
geoff,todd,0.0178,119
luca,maya,0.0177,119
annie,daria,0.0177,119
conor,tania,0.0177,119
arlo,rita,0.0177,119
brad,jamie,0.0177,119
adela,tania,0.0176,119
ari,damon,0.0176,119
aron,lars,0.0176,119
leon,sid,0.0176,119
karl,laura,0.0176,119
april,ari,0.0176,119
damon,gwen,0.0175,119
hilda,karl,0.0175,119
april,yara,0.0175,119
jon,oscar,0.0175,119
oscar,steve,0.0174,119
brian,gilda,0.0174,119
brian,eve,0.0174,119
maya,rick,0.0174,119
alvin,ariel,0.0174,119
damon,jason,0.0174,119
ari,tania,0.0174,119
lars,steve,0.0174,119
miles,tania,0.0174,119
damon,miles,0.0174,119
chris,zara,0.0174,119
nell,nina,0.0174,119
gwen,sara,0.0173,119
gwen,tania,0.0173,119
rita,ryan,0.0173,119
sonia,tania,0.0173,119
chris,edith,0.0173,119
damon,pablo,0.0172,119
damon,saul,0.0172,119
conor,laura,0.0172,119
carmen,daria,0.0172,119
alvin,rita,0.0172,119
damon,linda,0.0172,119
isaac,oscar,0.0172,119
conor,yara,0.0171,119
carmen,conor,0.0171,119
kane,todd,0.0171,119
carmen,karl,0.0171,119
hana,maya,0.0170,119
brad,hilda,0.0170,119
damon,sonia,0.0170,119
edith,eva,0.0170,119
jason,tania,0.0170,119
laura,miles,0.0170,119
laura,nola,0.0170,119
paula,saul,0.0170,119
alex,annie,0.0170,119
damon,henry,0.0169,119
ari,hilda,0.0169,119
eva,nell,0.0169,119
gwen,oscar,0.0169,119
maya,oscar,0.0168,119
adela,sara,0.0168,119
pablo,tania,0.0168,119
ari,laura,0.0168,119
leon,oscar,0.0168,119
conor,hilda,0.0168,119
brian,jon,0.0168,119
april,laura,0.0168,119
conor,damon,0.0168,119
maya,todd,0.0167,119
brian,nell,0.0167,119
deena,jamie,0.0167,119
brad,laura,0.0167,119
hilda,miles,0.0167,119
ari,conor,0.0167,119
maya,paula,0.0167,119
eva,lars,0.0166,119
april,hilda,0.0166,119
arlo,lars,0.0166,119
brad,carlo,0.0166,119
marco,oscar,0.0165,119
geoff,tania,0.0165,119
carmen,nina,0.0165,119
brian,gabe,0.0165,119
ari,pat,0.0165,119
alton,tania,0.0165,119
andre,finn,0.0165,119
kane,sid,0.0165,119
lars,ryan,0.0164,119
gia,oscar,0.0164,119
aron,edith,0.0164,119
damon,zora,0.0164,119
zara,zora,0.0164,119
laura,sonia,0.0164,119
daria,tania,0.0164,119
jamie,opal,0.0164,119
rene,sara,0.0164,119
opal,todd,0.0163,119
hilda,sonia,0.0163,119
carmen,jason,0.0163,119
damon,paris,0.0163,119
alton,damon,0.0163,119
brian,miles,0.0163,119
gilda,laura,0.0163,119
tania,zora,0.0163,119
linda,tania,0.0162,119
andre,rita,0.0162,119
jamie,kane,0.0161,119
annie,april,0.0161,119
daria,laura,0.0161,119
eva,xavi,0.0161,119
laura,marco,0.0161,119
damon,sid,0.0161,119
chris,yara,0.0161,119
hilda,marco,0.0160,119
geoff,laura,0.0160,119
brian,rick,0.0160,119
henry,tania,0.0160,119
damon,pat,0.0159,119
kane,oscar,0.0159,119
alvin,lars,0.0159,119
maya,sara,0.0159,119
daria,hilda,0.0159,119
carmen,pat,0.0158,119
kane,tania,0.0158,119
gwen,laura,0.0158,119
aron,eden,0.0158,119
gabe,yara,0.0158,119
brian,pablo,0.0158,119
gilda,tania,0.0158,119
laura,pablo,0.0158,119
gwen,hilda,0.0158,119
pat,tania,0.0157,119
adela,oscar,0.0157,119
paris,tania,0.0157,119
brad,yara,0.0157,119
hilda,pablo,0.0157,119
damon,gabe,0.0157,119
henry,laura,0.0157,119
carmen,marco,0.0156,119
alton,hilda,0.0156,119
laura,pat,0.0156,119
carmen,gwen,0.0156,119
conor,finn,0.0156,119
damon,geoff,0.0156,119
gilda,hilda,0.0156,119
henry,hilda,0.0156,119
damon,daria,0.0156,119
nina,sid,0.0156,119
henry,rene,0.0155,119
eden,gia,0.0155,119
alton,laura,0.0155,119
laura,paris,0.0155,119
carlo,will,0.0155,119
finn,kane,0.0155,119
geoff,hilda,0.0155,119
anika,laura,0.0154,119
laura,luca,0.0154,119
lars,linda,0.0154,119
adela,laura,0.0154,119
ari,geoff,0.0154,119
hilda,paris,0.0153,119
jeff,yara,0.0153,119
adela,hilda,0.0153,119
finn,maya,0.0153,119
gabe,tania,0.0153,119
nell,zara,0.0153,119
damon,kane,0.0152,119
nola,paula,0.0152,119
hilda,linda,0.0152,119
sid,tania,0.0152,119
carmen,geoff,0.0152,119
alton,brian,0.0152,119
carmen,nola,0.0151,119
deena,finn,0.0151,119
chris,damon,0.0151,119
carlo,vince,0.0151,119
hilda,pat,0.0151,119
brian,june,0.0151,119
hilda,kane,0.0151,119
jason,laura,0.0151,119
gabe,hilda,0.0151,119
kane,rita,0.0151,119
eden,rene,0.0151,119
hilda,jason,0.0151,119
darcy,gia,0.0150,119
anika,hilda,0.0150,119
anika,tania,0.0150,119
alvin,carlo,0.0150,119
damon,gilda,0.0150,119
ari,zora,0.0150,119
laura,linda,0.0150,119
hilda,luca,0.0149,119
jamie,linda,0.0149,119
annie,brad,0.0149,119
kane,sara,0.0149,119
eva,zara,0.0149,119
nell,rick,0.0149,119
laura,zora,0.0149,119
carmen,deena,0.0149,119
adela,carmen,0.0149,119
ari,brad,0.0149,119
eden,jeff,0.0149,119
annie,will,0.0148,119
conor,rita,0.0148,119
gabe,laura,0.0148,119
paris,rene,0.0147,119
kane,laura,0.0147,119
gia,jon,0.0147,119
geoff,yara,0.0147,119
jon,paris,0.0146,119
yara,zora,0.0146,119
andre,brian,0.0146,119
pat,paula,0.0146,119
damon,eva,0.0146,119
finn,geoff,0.0146,119
deena,rita,0.0146,119
luca,tania,0.0146,119
ari,rene,0.0145,119
gabe,nell,0.0145,119
andre,linda,0.0145,119
alex,carlo,0.0144,119
hilda,zora,0.0144,119
maya,rita,0.0144,119
eden,zora,0.0144,119
chris,tania,0.0144,119
ari,jason,0.0143,119
gia,omar,0.0142,119
brian,pat,0.0142,119
damon,deena,0.0141,119
gia,sid,0.0141,119
carlo,lloyd,0.0141,119
april,carlo,0.0141,119
laura,sid,0.0141,119
damon,leon,0.0141,119
ari,linda,0.0141,119
aron,yara,0.0141,119
deena,laura,0.0141,119
damon,luca,0.0141,119
hilda,sid,0.0140,119
sid,yara,0.0140,119
anika,damon,0.0140,119
eden,linda,0.0140,119
hana,laura,0.0140,119
kane,lars,0.0140,119
deena,tania,0.0140,119
karl,yara,0.0139,119
finn,opal,0.0139,119
omar,rene,0.0139,119
carmen,opal,0.0139,119
eva,yara,0.0139,119
chris,laura,0.0139,119
nina,tania,0.0139,119
jason,yara,0.0138,119
anika,paula,0.0138,119
carmen,steve,0.0138,119
damon,nina,0.0138,119
opal,yara,0.0138,119
geoff,rita,0.0137,119
carlo,ryan,0.0137,119
andre,ari,0.0137,119
leon,tania,0.0137,119
arlo,carmen,0.0137,119
carlo,steve,0.0137,119
carmen,isaac,0.0137,119
opal,rita,0.0137,119
ari,karl,0.0137,119
deena,hilda,0.0137,119
ari,jeff,0.0136,119
gia,todd,0.0136,119
gia,jamie,0.0136,119
alvin,carmen,0.0136,119
eva,tania,0.0136,119
carmen,zara,0.0136,119
aron,todd,0.0136,119
hana,hilda,0.0135,119
hilda,nina,0.0135,119
darcy,paula,0.0135,119
carmen,ryan,0.0135,119
edith,kane,0.0134,119
rene,todd,0.0134,119
chris,eden,0.0134,119
carmen,damon,0.0134,119
chris,hilda,0.0134,119
arlo,carlo,0.0134,119
oscar,rene,0.0134,119
annie,rene,0.0134,119
damon,jeff,0.0134,119
carmen,kane,0.0134,119
ari,chris,0.0134,119
marco,yara,0.0133,119
linda,sid,0.0133,119
luca,paula,0.0133,119
jon,nell,0.0133,119
carmen,tania,0.0133,119
hana,tania,0.0132,119
ariel,gia,0.0132,119
brian,henry,0.0132,119
damon,eden,0.0132,119
ari,yara,0.0132,119
hilda,leon,0.0132,119
carmen,hilda,0.0132,119
deena,yara,0.0132,119
pablo,paula,0.0132,119
brian,xavi,0.0131,119
brian,darcy,0.0131,119
gwen,yara,0.0131,119
rene,sid,0.0131,119
andre,carmen,0.0131,119
laura,oscar,0.0131,119
carlo,rick,0.0131,119
edith,linda,0.0130,119
jeff,tania,0.0130,119
eden,tania,0.0130,119
laura,leon,0.0129,119
gilda,paula,0.0129,119
annie,lloyd,0.0129,119
aron,carmen,0.0129,119
june,nell,0.0129,119
aron,jamie,0.0129,119
damon,opal,0.0128,119
annie,nell,0.0128,119
jon,sid,0.0128,119
carmen,maya,0.0128,119
kane,yara,0.0128,119
aron,damon,0.0128,119
carmen,jeff,0.0127,119
carmen,chris,0.0127,119
carmen,laura,0.0127,119
linda,todd,0.0127,119
damon,hana,0.0127,119
jeff,todd,0.0126,119
ari,maya,0.0126,119
pat,yara,0.0126,119
hilda,oscar,0.0126,119
ari,opal,0.0126,119
gia,sara,0.0126,119
chris,jamie,0.0125,119
eva,laura,0.0125,119
eden,hilda,0.0125,119
june,paula,0.0125,119
luca,nell,0.0125,119
oscar,tania,0.0124,119
carlo,karl,0.0124,119
todd,zora,0.0124,119
aron,tania,0.0124,119
eden,laura,0.0124,119
carlo,xavi,0.0124,119
paula,zara,0.0123,119
ari,marco,0.0123,119
jamie,zora,0.0123,119
ariel,rene,0.0123,119
carlo,isaac,0.0123,119
paula,xavi,0.0122,119
eden,nell,0.0122,119
carmen,eva,0.0122,119
alton,nell,0.0122,119
edith,rene,0.0122,119
brian,sara,0.0122,119
annie,karl,0.0122,119
laura,xavi,0.0122,119
omar,tania,0.0121,119
annie,marco,0.0121,119
damon,omar,0.0121,119
laura,rick,0.0121,119
laura,nina,0.0121,119
jamie,yara,0.0121,119
eva,hilda,0.0120,119
ari,gwen,0.0120,119
brian,luca,0.0120,119
brian,omar,0.0120,119
annie,jason,0.0120,119
miles,nell,0.0119,119
hilda,xavi,0.0119,119
opal,tania,0.0119,119
laura,omar,0.0119,119
brian,hana,0.0119,119
annie,gia,0.0119,119
carmen,zora,0.0119,119
adela,yara,0.0119,119
jamie,jeff,0.0119,119
chris,todd,0.0118,119
brian,yara,0.0118,119
hana,nell,0.0118,119
laura,opal,0.0118,119
ari,aron,0.0118,119
rick,tania,0.0117,119
hilda,rick,0.0117,119
adela,ari,0.0117,119
ariel,nell,0.0117,119
brian,paris,0.0117,119
hilda,omar,0.0117,119
tania,xavi,0.0116,119
ari,gia,0.0116,119
tara,yara,0.0116,119
damon,oscar,0.0115,119
damon,todd,0.0115,119
nell,tania,0.0115,119
andre,yara,0.0115,119
hilda,opal,0.0114,119
jeff,laura,0.0113,119
hana,paula,0.0113,119
alvin,annie,0.0113,119
gia,lars,0.0113,119
tania,todd,0.0113,119
annie,maya,0.0112,119
leon,yara,0.0112,119
carmen,linda,0.0112,119
damon,nell,0.0112,119
jamie,nell,0.0112,119
miles,paula,0.0111,119
nina,paula,0.0111,119
linda,yara,0.0111,119
ari,eva,0.0111,119
annie,gwen,0.0111,119
damon,jon,0.0111,119
jon,tania,0.0111,119
finn,gia,0.0110,119
finn,rene,0.0110,119
aron,finn,0.0110,119
annie,linda,0.0110,119
damon,rick,0.0109,119
rene,rita,0.0109,119
annie,pat,0.0109,119
brian,oscar,0.0109,119
hilda,jeff,0.0109,119
damon,xavi,0.0108,119
ari,deena,0.0108,119
hilda,jon,0.0108,119
aron,laura,0.0108,119
hilda,todd,0.0108,119
annie,arlo,0.0107,119
eden,eva,0.0107,119
gia,rita,0.0107,119
damon,finn,0.0106,119
laura,todd,0.0106,119
edith,gia,0.0106,119
jon,linda,0.0106,119
finn,jeff,0.0106,119
henry,paula,0.0106,119
annie,ryan,0.0106,119
jon,laura,0.0106,119
laura,nell,0.0105,119
finn,tania,0.0105,119
aron,hilda,0.0105,119
leon,paula,0.0105,119
eva,jamie,0.0105,119
finn,linda,0.0105,119
nell,oscar,0.0105,119
paula,tara,0.0105,119
carlo,saul,0.0104,119
alton,paula,0.0104,119
hilda,nell,0.0104,119
daria,yara,0.0104,119
nina,yara,0.0103,119
paris,paula,0.0103,119
linda,rita,0.0103,119
andre,carlo,0.0103,119
damon,rita,0.0103,119
carlo,maya,0.0103,119
annie,steve,0.0103,119
jon,yara,0.0102,119
brian,sid,0.0102,119
nola,yara,0.0102,119
nell,paris,0.0102,119
darcy,nell,0.0102,119
annie,isaac,0.0102,119
rita,tania,0.0102,119
brian,tania,0.0102,119
carlo,nell,0.0101,113
nell,todd,0.0100,119
aron,rita,0.0100,119
ari,brian,0.0099,119
brian,zara,0.0099,119
brian,tara,0.0098,119
finn,zora,0.0098,119
nell,xavi,0.0098,119
finn,hilda,0.0098,119
jeff,rita,0.0098,119
brian,laura,0.0097,119
carlo,gilda,0.0097,119
finn,laura,0.0097,119
henry,nell,0.0097,119
gabe,paula,0.0097,119
brian,damon,0.0096,119
carlo,jason,0.0096,119
gilda,nell,0.0096,119
chris,finn,0.0096,119
nell,pablo,0.0095,119
eva,todd,0.0095,119
ariel,brian,0.0095,119
hilda,rita,0.0095,119
carlo,luca,0.0094,119
brian,hilda,0.0094,119
carlo,june,0.0093,119
laura,rita,0.0093,119
adela,annie,0.0093,119
lars,rene,0.0092,119
alton,carlo,0.0091,119
carmen,rene,0.0091,119
ari,kane,0.0090,119
rita,zora,0.0089,119
chris,rita,0.0088,119
brian,edith,0.0087,119
ryan,yara,0.0087,119
brian,lars,0.0087,119
andre,annie,0.0086,119
annie,saul,0.0086,119
oscar,paula,0.0085,119
arlo,yara,0.0085,119
carlo,eve,0.0085,119
nell,sara,0.0085,119
finn,nell,0.0084,119
adela,carlo,0.0084,119
paula,sid,0.0084,119
alvin,yara,0.0084,119
ariel,paula,0.0083,119
ari,paula,0.0083,119
anika,nell,0.0082,119
steve,yara,0.0082,119
carlo,marco,0.0082,119
isaac,yara,0.0081,119
carlo,hana,0.0081,119
nell,rita,0.0080,119
paula,sara,0.0080,119
paula,tania,0.0080,119
eva,finn,0.0080,119
yara,zara,0.0079,119
damon,paula,0.0079,119
omar,paula,0.0078,119
laura,paula,0.0078,119
edith,nell,0.0077,119
carlo,gabe,0.0077,119
nell,sid,0.0077,119
anika,carlo,0.0077,119
maya,yara,0.0076,119
carmen,gia,0.0076,119
hilda,paula,0.0075,119
jon,paula,0.0074,119
eva,rita,0.0073,119
annie,june,0.0072,119
nell,omar,0.0072,119
carlo,gwen,0.0071,119
jamie,paula,0.0069,119
lars,nell,0.0069,119
annie,rick,0.0069,119
tania,yara,0.0069,119
damon,yara,0.0069,119
gia,yara,0.0069,119
brian,jamie,0.0068,119
paula,yara,0.0068,119
carlo,pat,0.0067,119
laura,yara,0.0066,119
hilda,yara,0.0066,119
carlo,miles,0.0065,119
annie,pablo,0.0065,119
edith,paula,0.0064,119
annie,eve,0.0060,119
carlo,darcy,0.0060,119
eden,paula,0.0060,119
annie,sara,0.0060,119
brian,eden,0.0060,119
lars,paula,0.0058,119
carlo,tara,0.0058,119
carlo,pablo,0.0058,119
anika,annie,0.0057,119
carlo,oscar,0.0057,119
brian,carmen,0.0057,119
carlo,omar,0.0056,119
annie,luca,0.0055,119
carlo,zara,0.0054,119
carlo,sara,0.0053,119
carlo,jamie,0.0053,119
annie,henry,0.0052,119
paula,todd,0.0052,119
annie,miles,0.0050,119
rene,yara,0.0050,119
annie,zara,0.0049,119
carlo,henry,0.0049,119
annie,tania,0.0049,119
brian,todd,0.0049,119
carmen,paula,0.0047,119
ari,nell,0.0047,119
annie,gilda,0.0047,119
carlo,nola,0.0047,119
annie,xavi,0.0046,119
carlo,tania,0.0045,119
annie,gabe,0.0045,119
annie,tara,0.0043,119
annie,damon,0.0043,119
carmen,nell,0.0043,119
annie,darcy,0.0043,119
carlo,paris,0.0042,119
paula,rita,0.0040,119
alton,annie,0.0040,119
carlo,damon,0.0040,119
brian,finn,0.0040,119
annie,laura,0.0039,119
annie,hana,0.0039,119
finn,paula,0.0038,119
brian,rita,0.0038,119
annie,oscar,0.0038,119
carlo,leon,0.0037,119
annie,hilda,0.0037,119
carlo,sid,0.0037,119
nell,yara,0.0037,119
annie,leon,0.0036,119
ari,carlo,0.0036,119
ariel,carlo,0.0035,119
annie,jon,0.0034,119
carlo,eden,0.0034,119
carlo,yara,0.0034,119
annie,paris,0.0032,119
annie,lars,0.0032,119
annie,jamie,0.0031,119
carlo,hilda,0.0031,119
carlo,laura,0.0031,119
annie,ari,0.0031,119
carlo,todd,0.0030,119
annie,eden,0.0029,119
annie,sid,0.0028,119
annie,omar,0.0028,119
annie,nola,0.0027,119
carlo,carmen,0.0026,119
annie,ariel,0.0025,119
annie,carmen,0.0024,119
annie,todd,0.0024,119
carlo,lars,0.0023,119
annie,edith,0.0022,119
carlo,rita,0.0021,119
carlo,finn,0.0021,119
annie,yara,0.0020,119
annie,nina,0.0019,119
carlo,jon,0.0018,119
annie,rita,0.0018,119
annie,finn,0.0018,119
carlo,edith,0.0017,119
carlo,nina,0.0012,119
